timestamp,robot,x,y,z,qx,qy,qz,qw,vx,vy,vz,wx,wy,wz
0.04,robot_1,600.0,400.0,7.4349440000000016,-1.502640179499015e-17,4.42991020577166e-19,3.053507433685073e-20,100.0,1.6908330892436916,0.4561084420454783,-30.45397259835663,-0.8558030548905702,1.7164826235373716,-1.3837933461113623
0.06,robot_1,600.0,400.0,6.571663999999999,-1.225226328054895e-19,4.62274585893524e-18,1.0717869600067938e-19,100.0,-0.21770133713863177,0.5926099649814727,-49.97034839125797,-0.3366374986247035,1.049044063642599,-1.88715614294302
0.08,robot_1,600.0,400.0,5.315983999999999,1.5064473444741716e-17,5.580270405850707e-18,1.959119764214545e-19,100.0,0.1552951507465633,1.3748762140797282,-69.68901914862722,-0.3479624144866225,-0.7326642869527848,-1.0570220391422633
0.1,robot_1,600.0,400.0,3.6679039999999974,2.866191340726347e-17,6.16705269698735e-18,2.761469555879226e-19,100.0,0.03241083261659095,-1.469404831863594,-89.40000449213619,-0.3457215140160386,0.502177523928575,0.2222807692442992
0.12,robot_1,600.0,400.0,1.627423999999996,3.8271464522710167e-17,6.840787828267266e-18,3.688478296756737e-19,100.0,-0.6848968531556169,0.5373126843031991,-108.88693009610199,-0.41651409795611494,-0.9820032340532158,0.8006699710839967
0.14,robot_1,600.0033990331573,400.0074650583544,0.7623024266617789,0.04483013137507006,0.045797213609068244,-0.23632900067396692,99.99970020694056,-0.5569320127218294,-0.0468314603662345,0.8210604549832246,2.189662159682432,1.926097436787814,-45.38971939714397
0.16,robot_1,600.0112577652096,400.01566581496695,0.8303567834220329,0.024041722857562953,0.024033569100590155,-0.5572576925553477,99.99844152909189,-0.47913914182265366,-0.9744418021859335,2.3384550629850844,-2.0587233676641046,-2.3555231846775446,-27.450748147827795
0.18,robot_1,600.0182337186839,400.0242519925332,0.8400741863153736,0.0027398887849171376,0.017000109816769745,-0.731034922925537,99.99732642141359,1.6930542344931405,0.4297192017367552,-3.5892053052456596,-2.2955130068803284,0.6092601557236148,-12.426832561044742
0.2,robot_1,600.0229949159848,400.03476612621586,0.8396051182823037,-0.004928592181582484,0.025830213410674655,-0.8048698656843218,99.99675741246998,-0.34393457122473103,2.2311238987052318,-1.0411342573397793,1.138651739933821,1.8329293052752338,-5.453607078530709
0.22,robot_1,600.0243062711462,400.0495059076786,0.8377864022134869,-0.0022903183275407484,0.03181120357750733,-0.8163314923770121,99.99666287279953,0.4262046516000596,-0.3207386492417184,-2.122709491187249,-1.9566576343887598,0.6063329450114684,-0.017556770392343057
0.24,robot_1,600.025786090973,400.0638347055536,0.8296045785067527,-0.009895365708698693,0.028233892915406962,-0.7858752443750299,99.99690747732805,-0.7504841824605297,0.16834338472752255,-2.7783881833338273,1.71047988787369,-2.4517401800145424,3.111212850392349
0.26,robot_1,600.0284680615883,400.07819677709017,0.8256528390683849,-0.015298652419394588,0.03229131546589054,-0.7312046046751368,99.9973202793369,-0.1290970067718447,1.4592479528554703,-2.4623399455648127,-0.642138424358222,0.10119831307646397,5.249222738906523
0.28,robot_1,600.0285007885827,400.0894918771702,0.828400576251732,-0.021176836637387373,0.028401765616216285,-0.6641310942714015,99.99778834939762,0.44724373697783965,1.3386661610379074,-0.0567471721471583,-1.7113869780738276,-1.4673174384484904,6.542486351077112
0.3,robot_1,600.0292670842463,400.09594227175126,0.8189783469590552,-0.02330021037308772,-0.008932391264995095,-0.6121092305399103,99.99812348040574,0.16590306495487456,0.6049316584173511,-2.4926613308639074,-3.6592239461901053,-8.05019384957139,5.067972249489541
0.32,robot_1,600.0285056618367,400.1023101035958,0.8169554470762875,-0.01715736434754777,-0.018163942641168582,-0.5771461459096474,99.99833137618998,0.03744115578274583,0.9009055362517605,-1.5301468311328046,-0.5111450965267074,-0.8917801732027019,0.7948025769323226
0.34,robot_1,600.028120203207,400.10600042637066,0.8162720879714126,-0.01818702658690884,-0.008623706853387422,-0.5688716658528149,99.99837988633384,-0.17229557322783676,-0.19678695428522347,-2.884094400750388,0.8778183370594944,5.485087249964125,-0.8316796019683983
0.36,robot_1,600.0277071860619,400.1101093931969,0.8148425356302419,-0.01155745548895118,-0.025834041184478976,-0.5723687251139973,99.99835795186864,-0.9190495441641439,0.46724589893303553,-1.90691235183858,-2.939237937304273,-1.597758147599708,-2.061886656013373
0.38,robot_1,600.0260378512843,400.1136792933034,0.8156631902811868,-0.004195838600703245,-0.025071341699927464,-0.5746940425981761,99.99834538921215,0.8746680277985962,-1.3420616726718042,-0.5627676720950591,-1.3475670297473619,0.5231847235881266,1.000718257134332
0.4,robot_1,600.0257768936797,400.11800713305064,0.8148238225804093,-0.0041285740193436355,-0.013957924353298465,-0.576215648156281,99.99833880449238,-1.520080637396327,0.6924230210825172,0.2665898379117605,0.6153112487706778,2.5659386607404295,0.9282588593810268
0.42,robot_1,600.0270257964683,400.124240094731,0.8132118451386589,-0.009207292386966319,-0.016277062424835922,-0.5795880617334093,99.9983186256734,-0.6245311740614384,-0.3114046951502895,-2.347456487481497,2.812494112663873,-1.912282215628897,-1.833358071531881
0.44,robot_1,600.0244583723484,400.13019966364016,0.8149236589511017,-0.00326867339038881,-0.01213939755800247,-0.5862489153868898,99.99828075602105,1.088842853212052,-0.8688478867576461,-2.132264362087629,2.7204991673160692,1.1293720171756974,-1.652847779281768
0.46,robot_1,600.0226293878147,400.13707836631534,0.8141460721901365,-0.003269676864957571,-0.018111629072594556,-0.5894519951061656,99.99826102299765,0.24397474584993423,0.7376112797404274,-1.99141739491424,-0.4376034874887777,-5.018470150986191,-1.0596290188599062
0.48,robot_1,600.0187270502555,400.14486323577864,0.8108573155295676,0.001266714559085499,-0.021827358218610943,-0.6013702612403734,99.99818936246179,0.37273145064386376,0.5802322781300404,-0.05705166016505046,0.8408699011927935,-5.13764858511627,-3.5484711894752947
0.5,robot_1,600.0130799299924,400.1535733503657,0.8074607039374716,-0.0032837104184912343,-0.0338106685918339,-0.6333330551315527,99.99798865625856,-1.339531854651579,-0.21183593065280418,-3.383471083186054,-3.5935125234227776,-2.780143674075457,-2.1511673299360345
0.52,robot_1,600.0084296331524,400.16492675301373,0.8067411636635935,0.003680482126940264,-0.03019197828313459,-0.6752419555133807,99.99771558990743,-1.4289015461707812,0.8232294173973654,0.21633225683493237,0.7727138192973506,1.965493057907864,-5.374737072806636
0.54,robot_1,600.0060321317252,400.1781342653729,0.8065797426003153,0.011112619720261032,-0.03849612857089675,-0.7114791468207793,99.9974609276726,-0.2541774264219873,1.087401513024685,-1.4377477758543387,0.8334419142439436,-2.8772818975356578,-2.836188055842008
0.56,robot_1,600.0032856830552,400.1939871832996,0.8075555325616262,0.014977404064537157,-0.049003976313080254,-0.7339918768081184,99.99729311442611,-1.6883906690012038,2.339489235264472,-0.3028260435170802,0.7707445763909135,-2.0049045524470483,-3.152393193692672
0.58,robot_1,599.9977401848463,400.2079685230444,0.8074378487213398,0.014023338032326856,-0.044254144537074276,-0.7447286818411608,99.99721608178463,0.19902091450619544,1.273825135045796,-0.42565416420776486,-1.1874409327566424,-3.682558857061826,-1.1130408405650498
0.6,robot_1,599.9936211784765,400.2154345023132,0.8039158870448191,0.010622752006985479,-0.041892657723760864,-0.7537067583076885,99.9971502508189,0.37611093574427873,-0.655080802457356,-2.4260813626072797,-1.7473185447014836,1.8469031390562545,-4.078014899001607
0.62,robot_1,599.9928517962222,400.222747377972,0.80397258704211,0.004382807546238889,-0.04833226945673672,-0.7659385597899563,99.99705487115784,0.5655010792415637,0.8598847585537691,-1.9974106209222335,-1.590271338876684,-2.1414371251144866,-1.4693571424577858
0.64,robot_1,599.9968175919538,400.2320900524074,0.8064559970738822,0.009308360514088737,-0.04803005640189817,-0.7747220120408642,99.99698701597048,1.3936908251897613,0.8253633774299891,-0.3254049407574045,-0.9689393319662067,2.315151276125692,-0.9700363560617477
0.66,robot_1,600.0017060630148,400.2399151903166,0.8029630653828425,0.007034303549274802,-0.043647913764595626,-0.7765070958111375,99.9969753647997,0.863526356473867,1.5298180928790392,-0.49513549909217786,1.3042545154231335,2.290046589031681,0.3647057808641393
0.68,robot_1,600.0067882961386,400.2495233317807,0.8064393249065653,0.005278925771466756,-0.049696925978636924,-0.7746781191659918,99.99698683540508,0.6076062362355382,0.13985400157127437,-1.9869759814874501,2.5165772546995195,-0.7009492381415788,0.5034471455185257
0.7,robot_1,600.0098145199837,400.25806842011093,0.8042979133492945,0.0002920153615073229,-0.05637772317807898,-0.7700489061704778,99.99701918631956,-0.05021941774614458,1.6362439002423586,-1.0526383113864526,-1.1227984569831841,-3.813610863033888,0.9848861107053958
0.72,robot_1,600.0144114795235,400.263813874595,0.7986828106922621,-0.006301261145816882,-0.05271297602145019,-0.7713895923827269,99.9970106539842,-0.5508351359218147,0.22960280920136647,-2.299883602515259,-2.8655119846494186,-2.2064398760699846,0.024212135848399083
0.74,robot_1,600.0228970680737,400.27162040999144,0.8024032823981734,-0.009399730334213603,-0.06283564027601689,-0.7730461311235644,99.99699176978545,-0.7214254915772261,0.46463088469200886,-1.3690051397322731,-0.6094395810944466,-4.833371373808541,0.7946056335523213
0.76,robot_1,600.0317609874966,400.2783931812808,0.8019803191734666,-0.01166747694058943,-0.04951671757766,-0.7856608974710763,99.99690069656583,-0.06423579623506043,0.23069371350337037,-1.8698967621066112,-2.063228697825067,1.3529624350614777,-1.0276330829707372
0.78,robot_1,600.0412655646421,400.2848823003387,0.8015726143349621,-0.009490986630955113,-0.05322889068895758,-0.8008830511569953,99.99677826282574,-0.37939440516922535,-1.860978095383862,-1.067795138048361,-2.022776314264068,0.9079059099594673,-2.619193331054222
0.8,robot_1,600.1379943781924,400.3075958337637,0.8750738131829736,-0.01895868622227687,-0.13326118028732675,-0.8295604570544103,99.99646849501306,9.19631496356283,3.3057619220707823,6.171430224759905,8.128637901506911,-15.342512489801768,-7.755373029433647
0.82,robot_1,600.4806059213282,400.3118031235349,1.1519399656760143,0.06950525558031295,-0.05940188550862333,-1.002899878566755,99.99492903277154,17.549197157282283,-2.3514384216646023,12.763772836621227,-6.832796815814284,16.68406570197537,-10.481970446159956
0.84,robot_1,600.853672471537,400.25928037328225,1.1510207965835424,-0.018301854974919193,0.07758159897827807,-1.116476039364993,99.99373544073214,18.92715530499145,-2.3453515009066894,-7.681326442326944,-8.700310282901302,10.359781806996534,-11.5532293196827
0.86,robot_1,601.3401886664259,400.1875389246589,0.9678893724484994,-0.10885908211872587,0.09294408504645549,-1.2352738999742443,99.99226774850813,27.388059731137137,-4.343127451899964,-10.06615980481389,-10.296187508857681,7.74121131892021,-10.66985063516218
0.88,robot_1,602.0891994474457,400.09941276939986,0.8959744704087933,-0.06964650310991631,-0.046050323456682044,-1.4732003556267044,99.98911295458369,42.340057435125985,-5.310610863658994,-1.204556157116155,7.7212089733060845,-29.562415598436036,-30.247712855149405
0.9,robot_1,603.1146861278048,400.0305056883323,0.9658613922085412,-0.045520897951261956,-0.2367829531685334,-1.6964981236204577,99.98531770113796,53.0400391276804,-1.8510162158227774,2.2143018363240925,-2.333189913062035,-9.130806904743745,-13.0148773171158
0.92,robot_1,604.291985238142,399.9900871464285,0.9691116154879127,0.008010457760063136,-0.21269122537257026,-1.9263698892065324,99.98121722266225,61.676852794199434,-2.540996351064092,-3.7552960464723415,3.99431094532056,4.532338899342239,-20.428222447131862
0.94,robot_1,605.6255260932925,399.9395239198216,0.9251447972968192,0.015668070343479067,-0.09006669859764758,-2.107613790675945,99.97774555675242,69.25539701086896,-5.300544358341211,-6.009398109709099,-4.723502259136238,8.918436786172716,-11.798263336949963
0.96,robot_1,607.1621107617752,399.8465371571832,0.9614357788986859,-0.06049592413778017,0.042495786394110405,-2.175395515192143,99.97630813699705,79.30669770990272,-5.286128418697741,-0.040062008100972386,0.3063078225240837,12.081013169921444,-11.22000764703709
0.98,robot_1,608.8716848780107,399.74488626025067,0.9568449138490985,-0.14509020573204637,0.08447510798828033,-2.213125006274637,99.97536641840796,88.00029800930267,-5.058911673767496,-4.382265079124678,-15.599493590084412,2.2494491277932562,5.342911053444105
1.0,robot_1,610.7862710892693,399.67578443860043,1.0006021190540972,-0.05817714389133678,-0.019084545825809537,-2.3886244527848004,99.97144954647602,96.83457002608755,-3.500085298162392,2.8192145663960986,16.634775750597576,-8.349341671029373,-24.442259007068508
1.02,robot_1,612.8365897746353,399.63064613702994,1.0130891790415504,0.06750551916633533,-0.07745990178774417,-2.5817923329951777,99.96661338325804,105.68474684208678,-3.313846839191902,-3.2537770730273086,-1.8502911792172019,-10.272764416665277,-5.795912286429752
1.04,robot_1,615.0185510236582,399.5598980906319,0.966439267852313,0.059166763788138385,-0.12678476758966573,-2.613850671802937,99.96573517752113,112.62211506274514,-2.621036722682959,-2.5078476696534286,2.888479431544691,-10.462317163053536,-6.608699534283616
1.06,robot_1,617.3459046432445,399.48889733993553,0.993850611697426,-0.020776189922987222,-0.0894198200429439,-2.526308385087505,99.9680415852444,118.94052225950045,-5.73410359930584,-0.7914088101092731,-18.660095588187843,13.642202733515695,18.580644667646613
1.08,robot_1,619.7766844255558,399.41747199092134,1.002052666957018,-0.1475289796168234,0.008330698435198004,-2.4035165436860675,99.97100216574736,122.84482196793232,-4.598734729906338,-2.737485938300703,-5.431608330016929,7.316544720461045,7.9167793048251545
1.1,robot_1,622.3148870206982,399.3745062778226,0.9778336347119196,-0.07313546562101454,0.05511543581918403,-2.4960127623144563,99.96880280258821,129.83616580398214,-1.8342557022076378,-4.194978515212385,16.36821129294846,-1.778781751857534,-20.019480941953734
1.12,robot_1,624.9957050949936,399.334734082284,0.9687472639918874,0.14397754404504495,0.015543453701263605,-2.7444750550577206,99.96222729381346,136.40243027154585,-1.9906645145756379,-5.89024928761307,33.611458905804476,-3.2725746471932213,-36.514295896627324
1.1400000000000001,robot_1,627.7448713563974,399.2874819125773,0.9650639387014,0.2084019934468937,-0.04673732675187194,-2.952295655311068,99.95618207292158,138.2584719588904,-3.3691458081368135,-2.6405311453348093,-0.20983048261564147,-12.837192872531464,-15.914296669042628
1.16,robot_1,630.5860599693897,399.2072244887587,0.9780014371902654,0.002675420238041117,-0.09399717566870612,-2.9608116603169314,99.95611412857757,141.5459464217663,-5.0828047581345075,-4.416475951225938,-29.727451494521578,7.706522107230556,8.661073049596508
1.18,robot_1,633.5163908708646,399.11526329751104,0.9980825237777241,-0.19298162403609606,-0.004980333669016751,-2.9164722544835335,99.95727548746959,148.91289380319242,-2.863045042194708,1.0045306199519135,-2.702961976558445,9.228623488751166,-7.100343881512772
1.2,robot_1,636.5375065601595,399.0491446488291,1.0367759522514892,-0.037468515481737984,0.11753030322948128,-3.0755273313710174,99.95261834675549,151.64722521478348,-0.5721759897858,-1.527206829870965,17.532403265741785,1.1253206594740093,-18.73739620479617
1.22,robot_1,639.639843690649,399.00135418812204,0.9993473396556392,0.12961530243051333,0.04206538288823275,-3.2585164972617777,99.94680335365416,155.38485512820938,-0.47785640206347985,-8.489439090637042,18.662188064109532,-0.7662660894425718,-23.856002580992424
1.24,robot_1,642.8026997622325,398.913006772974,0.9809707828298458,0.051845010015115066,0.11665326579963509,-3.3748399167179226,99.94295452730545,158.2020613965037,-4.8700658130019745,-0.06303675495030504,-27.162506478202786,12.735792614522556,1.4378199093369575
1.26,robot_1,646.0593970955006,398.8205964399077,1.0334541317099943,-0.15455669415459825,0.015082639366250218,-3.4681230671163172,99.93972186840234,166.1564689623965,-5.752825594302202,2.954789420309754,-24.52535355471018,-12.409204791764674,-12.151945790364374
1.28,robot_1,649.3775127419816,398.7292168787832,1.0320902023200023,-0.20071466897367435,-0.022766721543018186,-3.6890355891570317,99.93172775310143,167.48814511178222,-5.309971010594702,-0.9898904204612492,-6.755298867046346,-0.5718577324654006,-20.89019755773784
1.3,robot_1,652.7666890127556,398.64990038521046,1.026753808133123,-0.11016655590616516,-0.052182355061003306,-3.9567561638175484,99.92161538421941,172.34025929911223,-5.779143765304228,-0.5860931849809572,5.475063224363708,-4.115378851547108,-22.724417303989622
1.32,robot_1,656.2468177168067,398.5405002081206,1.0500440023030775,0.01609679946265149,-0.07413772268398995,-4.199976426547168,99.91173325744866,176.32883430375313,-6.07150272454922,2.104267363102542,7.731792654390455,2.848103884410842,-19.900791251332425
1.34,robot_1,659.7979059821351,398.4029325777223,1.0187487825291497,-0.0004739592119112911,-0.04316825640128548,-4.315205800052431,99.90684228410083,180.03004569890052,-6.609451627355065,-3.648129831942263,-5.300261865279881,-2.3675112662974884,-4.594318822930978
1.3599999999999999,robot_1,663.4070926409415,398.27016579264307,1.0146756584353323,0.04676578703589001,-0.04690186310144509,-4.353810608830315,99.90515475369045,181.49195273142516,-7.0486394101593906,-1.1882294775616546,10.591168670342,-6.412655177535992,-1.0375717394317152
1.38,robot_1,667.0918728135148,398.14026718768326,1.013632330007876,0.06056313598707098,-0.03200204430620033,-4.359679202236194,99.90489730353218,182.04823055534754,-7.213832580021992,0.8150017622000526,6.149756992157672,1.0580738842598718,-4.371511987446182
1.4,robot_1,670.8150105982476,397.99421890647983,0.9908092443626455,0.0010995309165136424,-0.054254798046021055,-4.309767509384974,99.90707161769366,185.97438455165184,-6.607807040407418,-1.66982332248718,2.6654007908281834,-5.729490876121138,3.4059084688272234
1.42,robot_1,674.5871848795282,397.8283722494454,1.039441707245561,0.05791283599739926,-0.08646015444173658,-4.2941077581894564,99.90770645603962,191.39025269334672,-7.287010948496313,0.37288821988841114,13.738141817441186,-5.5037939555278195,2.0995488142473993
1.44,robot_1,678.3974097856528,397.65840531252115,1.0278219092664551,0.046827662706468764,-0.020237790623206086,-4.1968045303786905,99.91188232305319,191.76195216243534,-5.7693802654399855,-1.1567115825451675,4.310481140868425,2.435180335764232,6.779387044963851
1.46,robot_1,682.2481657392234,397.5163404347629,1.0163692193975307,-0.022383656996139308,0.01745234060783218,-4.080348277585241,99.91671507971685,192.946682996824,-5.933770093804688,-0.20882726413822594,-0.6861362265306346,6.813325710878801,13.92964087581999
1.48,robot_1,686.1446842804431,397.376012510047,1.0420675664883041,0.019938586989463342,0.039245456369197115,-3.974687757535489,99.92096836739024,196.02568406331918,-5.666170943704053,2.5193594884469492,11.379809922808537,-3.6066560344792484,5.1464027233325185
1.5,robot_1,690.0865921346103,397.2243355302311,1.0567194176753412,0.021194906033204862,-0.005481886464322282,-3.908144926673768,99.92360043531755,198.18571980859684,-7.759576334554949,1.5239463134204454,2.381720086810564,1.9757014690009023,5.490276922475281
1.52,robot_1,694.0910348264836,397.0643071849107,1.0433208072432771,-0.007728940138354219,0.01828654400007931,-3.84897398206854,99.92589756990505,202.45351957803334,-7.141184493975375,-0.1886772980130801,-4.15485899130058,1.869173935096755,8.620387561280042
1.54,robot_1,698.1729798027299,396.8962774074619,1.0300597183612634,-0.013304008264451354,-0.009922294552326317,-3.807460411793715,99.92748855927512,204.74016289881928,-9.789744087654586,-0.4049239501998004,8.168515709943138,-11.84039977834752,-1.250352091099154
1.56,robot_1,702.314199539166,396.70131687952534,1.0412875052249808,0.04239658656688716,-0.05786934945985402,-3.777250072399497,99.92861069562811,206.63775011387506,-9.599362375627264,-0.08719867220842703,6.428847861865485,1.440757139522086,5.439230599121888
1.58,robot_1,706.4877849922865,396.48317320816443,1.0493123204689678,-0.01263102121213102,-0.013324607535254034,-3.7064730221582485,99.93128499448083,209.27250759705464,-10.744446139520464,-0.8457097411661384,-10.523745364871479,3.466491654039483,9.445679791322364
1.6,robot_1,710.7031120977607,396.26601686665606,1.0410893356961235,-0.07821229880426865,-0.015697180134394816,-3.6252114613951836,99.93423576680327,211.39500365646063,-12.608154328827439,-0.04825600856470571,-1.0530411491617355,-9.739119288168041,6.0671876708498385
1.62,robot_1,714.9578843039753,396.0563264788268,1.041152790017781,-0.03851806264804601,-0.05284565946342884,-3.5314448364810067,99.93760363878063,213.01825605041128,-9.360127781383532,-3.071054242996729,7.401241692011682,-1.001930879334224,9.28402849862161
1.6400000000000001,robot_1,719.244431736533,395.8486497827596,1.04391963844226,0.02464756285147528,-0.04069459349829116,-3.3913544620556673,99.94246570582698,214.4078161819233,-8.47480944366259,0.992663313091434,1.6796581142294333,4.446536120231217,14.861082205995398
1.6600000000000001,robot_1,723.5517642104479,395.6398988621726,1.0405091760529073,0.025972409901693423,-0.03293593423097389,-3.257612796207529,99.94691690856776,216.65065668140664,-11.764968760995185,1.990459953237508,7.1518218542440035,-2.6665658874551244,9.739087945900552
1.6800000000000002,robot_1,727.9127306177646,395.4283832351935,1.0503723445517679,-0.0006180204544788314,-0.06591658689195043,-3.1531693237305083,99.95025351562401,218.74221604147155,-10.296445195797526,0.3429101717441669,2.2443789867928556,0.7559262551677911,10.502418715620285
1.7,robot_1,732.3024469644038,395.21740881775423,1.042612342175923,-0.012495151810422355,0.02282691998210555,-3.0318709059609215,99.95402483948554,218.61354821798096,-10.125664322547957,0.3964872795921164,1.8688023326983347,7.01058332953438,9.664506396853788
1.72,robot_1,736.7313272232295,395.0151990381579,1.0589080569198293,0.02183808324060904,-0.010029071885353815,-2.947799381684304,99.95654006277519,223.82644286238622,-10.270978942791514,0.12594772534796306,6.991782784006814,-2.7897752766452926,3.8048100754799576
1.74,robot_1,741.2029636241575,394.81867801318356,1.0502098317635051,0.021801371643992654,-0.047833239748813886,-2.924710686871416,99.95720736434902,223.96797230721225,-9.585571263969166,-0.8889803919942416,-3.237626437840593,-4.164277465682419,-1.4607458351127387
1.76,robot_1,745.6985365741892,394.62267850568605,1.046041389342549,-0.013233229211062162,-0.0519302239066114,-2.8979794758867214,99.95798538931659,224.17591480434857,-8.722498063147944,0.11307894511590391,5.492216953551335,-1.5054206496460332,1.2840270890579673
1.78,robot_1,750.222739927432,394.4277028811881,1.0264104198217119,-0.0113591720302455,-0.022562036086919493,-2.8597843449003726,99.95909661168614,226.5361410745936,-9.143908828167934,-0.9923452926814142,-0.42999954002124247,12.861236125625386,4.809713619185399
1.8,robot_1,754.7607474980279,394.21052085716315,1.0533474710456656,-0.03345440802243058,-0.02010359586375834,-2.8167546766745892,99.96031397379387,226.80837786477244,-11.712627658998288,0.842897192190074,5.859903416887543,-4.355273460894377,0.5588116899190974
1.8199999999999998,robot_1,759.3313937815318,393.98984872634855,1.0488177822880866,-0.06592910578040273,-0.10175023009584822,-2.7611166637058813,99.96180037901024,228.14594731551287,-11.557366474798226,1.1990971310404912,-0.8034396133925731,-10.350988603419314,2.5673045242452197
1.8399999999999999,robot_1,763.9208118741336,393.76782955797955,1.0607063064613298,-0.019453263145128352,-0.035484855676902786,-2.797992664150578,99.96084032983582,231.01759565227275,-10.694560687771876,2.2835053287107776,-4.7541373996743825,9.78831870651593,-2.789625497984212
1.8599999999999999,robot_1,768.5335013860572,393.5247380659886,1.0466217319472892,-0.08550627752072083,0.04422798060169421,-2.8341721687141423,99.95978291633253,228.56353964710183,-11.331026924008372,-2.7343047402067038,-5.171966997964709,10.67506594397137,-3.2765015166291005
1.88,robot_1,773.1549163608822,393.2949599944719,1.0501981859633247,-0.07003805235003284,0.10667383117634634,-2.896499731800326,99.95796118703426,231.38059397861502,-10.863612108690049,-0.09253131251041008,0.5038768253444862,-1.6882881209268379,-4.923639411603639
1.9,robot_1,777.8068714454063,393.0904866198344,1.058566521449502,-0.02716047540523935,0.10718318156603616,-3.0115096231011846,99.95458260562211,233.08644975964742,-11.285839047825368,1.2550747517020333,4.624218092460093,-1.0486443033080515,-14.086116744670246
1.92,robot_1,782.4866968045957,392.86013252920594,1.0422505684190442,-0.026319374320822903,0.033703304222245156,-3.1355651242366918,99.95081992024623,234.86769056264163,-12.068900226656803,-1.4783209210566224,-11.596585844273982,-16.07982126975568,-8.16612795575198
1.94,robot_1,787.1965101880082,392.62864227937916,1.0452768440204856,-0.04388713727801576,-0.03539380638968411,-3.2436046029964776,99.9473653998797,235.08297170504028,-10.692704582430963,-1.463632864318138,0.08559659983895067,-13.32827277739352,-14.89308350774104
1.96,robot_1,791.916895422649,392.3821986743076,1.0524035750764302,-0.017522382195500317,-0.03449554607702425,-3.35261148408185,99.94377669099876,235.45746177547335,-12.779717728805437,0.6253626220615668,0.10126483687978409,-8.367024249431934,-10.483938194289497
1.98,robot_1,796.6022265912162,392.10000994479486,0.9780721875795907,-0.019442036084832918,0.0494613979685488,-3.5108043986629074,99.9383381293269,232.17459262079038,-14.820649687470647,-8.486493297661147,0.10079361008909185,4.758819267378976,-13.652610581888592
2.0,robot_1,800.6136635849862,391.8496504985684,1.0018395545159289,-0.005345734587066802,-0.8412715309777302,-2.7846282683236065,99.95768144090549,177.37629837834547,-10.346399885975465,11.012100532213246,14.156589184515333,-87.55728428325264,114.21519523477477
2.02,robot_1,803.9424963386911,391.6971651956886,1.2567641093142738,0.07156560969178763,-1.1373477433784513,-1.6776828414875902,99.97943137844663,164.51846661581828,-5.703119995060614,7.848156809073748,-3.4888462052462126,-38.71629617815637,104.94499807415923
2.04,robot_1,807.0569920698182,391.5943583527358,1.3180620224300597,0.07715641298063006,-1.3867484297569042,-0.7175868173191486,99.98777947749471,148.612407720868,-6.49056597048039,-0.27222091676685756,-7.926114330361986,-37.666463811550486,65.82857023766145
2.06,robot_1,809.8550622761138,391.538789132916,1.3054384226793863,-0.09962975810364424,-1.2877645974686653,-0.34815709406384054,99.99105221413895,137.94621038757583,-2.0046228259838776,-3.412927532392858,-24.983758502687397,28.562463456786613,30.676959494766248
2.08,robot_1,812.4380549116968,391.4789993113183,1.1769113246564131,-0.2800957876386007,-0.7431470895474694,-0.15152069371971436,99.9967315477482,127.59748135098508,-3.4126942705172953,-9.666779615972915,-8.513220500538255,69.12887210986169,21.060985646825802
2.1,robot_1,814.8610112523437,391.40283001590365,0.8846159657612013,-0.25659356281183104,-0.023692752232341453,0.019931796015235006,99.99966600504486,120.71317926087575,-1.231760392255466,-15.75209057340754,6.638115428428745,81.21534989554821,25.123407766178335
2.12,robot_1,816.9393834738953,391.3291806336652,0.8300605917861702,-0.01832457861548662,0.24986633729257943,0.08021206045270754,99.9996539846447,100.6922287498519,-6.220685436659659,1.123573664572296,16.00062264489092,-10.135533709648085,-0.8632989261873746
2.14,robot_1,818.7887581260478,391.2655985427952,0.8803471605797645,0.0860953241227972,0.037780119726354214,0.06424624187040996,99.9999351633696,89.28397058440551,-2.1775383043197527,-2.565999373908074,3.4324528254630406,-26.96375491218791,-7.628815794164605
2.16,robot_1,820.461154971109,391.23078397988877,0.893272065159036,0.06277390338838068,-0.08643644129036221,-0.08095458843818443,99.99991017262606,80.63057248202023,-2.336169653657827,1.4305742818495708,-17.76157065889911,-14.159420619448976,-24.78417685420493
2.18,robot_1,821.9533307419314,391.2140755878372,0.9031635404786569,-0.036326337062344956,-0.027105874378510003,-0.2757418070898162,99.99960955986094,70.12286351335922,-1.1162023616837855,0.18221094622406248,-4.809990542698897,14.66498295047422,-15.627055051194521
2.2,robot_1,823.1674257647339,391.20504717905067,0.901065636236785,0.009039793244454664,-0.0029740465468361264,-0.09724360141698896,99.99995226558445,60.322544028481204,0.06204655974242582,-2.6390440240720774,5.552646714857723,4.626628930620651,16.781576538528967
2.22,robot_1,824.1968269473764,391.17371861080545,0.8754340984881044,0.057656566586249534,0.024837768208961795,0.1376098492682304,99.9998856116095,47.40619589286499,-2.412519206611944,-4.737246578423624,8.761229014171908,-1.2828009116737544,28.46160785189217
2.24,robot_1,825.0692743058756,391.1021001836947,0.8718820231727473,0.070691116696679,0.004778793531850479,0.35099919044333394,99.99935889543224,40.732185952253545,-4.263821996054153,1.6293120928086582,-1.6379457438932705,-1.8150251059287976,17.926568945139447
2.26,robot_1,825.7696733718806,391.02706415291055,0.8837755625485468,0.05585708664615034,-0.0281655774591781,0.5738742281910698,99.99833376139992,32.984110434303645,-2.7811142670801376,-1.2509472652580795,3.914239339651738,-3.3109037441177596,23.205163088191746
2.2800000000000002,robot_1,826.3182954305677,390.9767266552647,0.8730901092176419,0.08172747072447133,-0.04882203341005522,0.8202909153149378,99.9965902410869,26.001864608426768,-1.2083168419136232,-0.9971655640055249,1.4743250643726642,-1.4152979564018846,24.25807794963016
2.3,robot_1,826.7499624947135,390.9565605062295,0.8698911422920789,0.03866070119670279,-0.02716818235565921,1.0028080281156326,99.99496058951569,20.281134439195903,-1.3465603828382535,-1.041427915251813,-10.312780527388835,3.239896439232759,13.832661569688524
2.32,robot_1,827.0532066816164,390.9515296769584,0.8657438528816573,-0.02175293609730963,-0.02143670462264272,1.1909219506642816,99.99290360913065,13.086669997389766,-0.47596474560922636,1.0815735999525047,-6.185511099448751,-0.07953819054380765,15.498888112127721
2.34,robot_1,827.2823151148897,390.9653843245665,0.8567196816813418,-0.03616323207166968,-0.025304900420184902,1.3481006263794597,99.99090296913923,8.622291593477645,0.026338365882445577,-1.7240842820464297,-1.389965421225053,-0.9326546229296816,15.603818480188899
2.36,robot_1,827.4608010918771,390.98591568472585,0.8442639097085043,-0.030919022901334137,-0.0435877342855747,1.472904101628333,99.98913789822798,8.144129209021575,0.2917350714573129,-1.4221609986772237,-0.7904937947513055,-2.4867238519782098,10.820508501921191
2.38,robot_1,827.5964726572025,391.0021614261016,0.8212129595043444,-0.04601101350201796,-0.058639066008591326,1.5539183074036182,99.98789817943215,5.0245509399907045,1.3268376926364247,-1.3066559902911443,-4.866092501997176,-1.0159434412093362,6.364831932529061
2.4,robot_1,827.6889090299001,391.0145311034027,0.8175336429639704,-0.05724567652370049,-0.0681365095854196,1.6234742947131686,99.98678118412948,4.631695636292781,1.4542867717107264,-0.6402138282174641,-2.5722645777394986,-0.09449775969168958,7.1072171991787005
2.42,robot_1,827.726425530103,391.0209526034668,0.8226677617030029,-0.03842268666140593,-0.07118612189556783,1.7304143181815268,99.98499448677603,2.18325643387388,1.3827321854039671,-1.7141386674632635,1.1616228923375134,0.888350873522729,9.538211261392307
2.44,robot_1,827.7576987194664,391.0255654233749,0.8188936129089928,-0.04567317066771594,-0.07107466532988882,1.8030516582422305,99.98370800821071,3.364900667443032,-1.2439229610613876,-1.2045088278401543,-4.645923705909597,-5.012442028440124,6.58156981875374
2.46,robot_1,827.7718408983704,391.0341373321504,0.8209166030884504,-0.05487895575323348,-0.05642333383253375,1.8748038419603794,99.98239302628131,0.6472440097950769,0.29333192982358997,-0.06344510823448161,-0.3278933971642681,1.847255993660734,8.299115385943292
2.48,robot_1,827.78012770429,391.04465231541747,0.8213855492379876,-0.0683274943102212,-0.045292409990878614,1.9352626119306093,99.98123843288792,0.5375061194256076,-0.17869584830054627,0.7975553901951722,-0.9249815646944038,0.1933711941218896,5.787827200832772
2.5,robot_1,827.7806343507283,391.0547107187975,0.818830160370275,-0.07017636144390282,-0.04757008774305008,1.987449336456348,99.98021232974085,0.3668725186722402,-1.2323003635173653,-2.1712441889758702,-1.9019221048997879,-2.055819180453665,5.487314221513564
2.52,robot_1,827.7668053467187,391.0641617445527,0.816048727796228,-0.07365485789317419,-0.0400321928952138,2.04599299165947,99.9790322270801,-0.19046203110560483,0.18946124636795417,-0.7777019546924567,-2.0806026294635926,1.636491420438775,4.759798664263093
2.54,robot_1,827.7459329346063,391.0706079683632,0.8108041754847399,-0.08344089796321418,-0.03746621910156735,2.108861610994388,99.97771920085319,-1.0816039499680277,-0.1463755578727391,-2.0561298834093895,-0.4589483209935052,-1.4091616927581925,7.035151384351497
2.56,robot_1,827.711831813199,391.0756152815459,0.7992735644142706,-0.08363804700105715,-0.04437843892186359,2.192709531455389,99.97591239964714,-2.6478943845607947,-0.4187434139177066,-3.7483571699948626,-0.7871466885385099,-5.159128611081573,7.365712112949849
2.58,robot_1,827.6622984495349,391.08224803830433,0.7913794426214392,-0.07429383156926857,-0.0800431141883533,2.2649709105562317,99.97428659560816,-2.0544101009414026,-0.7527571264628027,-1.946379066439486,3.5374159041114432,-7.692509502583482,2.3286182871746686
2.6,robot_1,827.5876366074897,391.08580234610525,0.7946078361736549,-0.06957229946921677,-0.08901336464611836,2.2617041707730063,99.97435636481971,-3.5556487515323068,0.28976637480930395,-2.2933603569801617,-0.3095217399855526,-1.967162033436672,-1.473101480960711
2.62,robot_1,827.4646982360637,391.09130950427567,0.7782346719110208,-0.009405612075255598,-0.03036118547707789,2.2886962680199714,99.97380086365443,-9.281300118940901,0.6847672260115988,-6.5235770842805465,19.87503729667814,25.247370095442562,12.928060883318674
2.64,robot_1,827.2596309577476,391.07584799432834,0.745979074457849,-0.05189030790381897,0.15397810091039146,2.3002425904035757,99.97340887538886,-9.26436647751642,0.1991089842505173,-0.008505485004157293,-7.760055493748243,8.148669270185986,1.7469609333508316
2.66,robot_1,827.0864749027946,391.082459111181,0.7861715099138695,-0.0733831635606372,0.0806824565182496,2.3482946115339343,99.97236426968183,-7.697404635511158,-0.26873452907093004,1.937212014331683,0.4870695927566518,-11.99181562055859,3.7877510538795547
2.68,robot_1,826.9296919490168,391.09435943072566,0.79140028119799,-0.08647356505985386,0.06262166636075113,2.3988008979018614,99.9711676189774,-9.461862916972668,0.5159645563149349,-1.078362371930198,5.474980328860489,3.3856532258914855,4.093163659923338
2.7,robot_1,826.7700008434817,391.10861578343486,0.790055468291145,-0.061529980621636705,0.06942716061935603,2.4420890192267075,99.97013351573072,-7.185163677826696,-0.3769524030083122,-1.7877571720371424,0.0016402762243706952,-3.5834920082111656,5.631229843102167
2.7199999999999998,robot_1,826.6214025185528,391.11479150688075,0.7913853347613478,-0.057486104387509784,0.10315212855497137,2.470564008180204,99.96940716272985,-7.2961371550908956,1.5520403793631712,0.1836203525247944,-4.996334003674955,2.16877332001076,2.9795038257263085
2.74,robot_1,826.4850065911622,391.1127633755358,0.8084159762262653,-0.05294281394218654,0.1020289843849083,2.4905829428510384,99.96891408707799,-4.616896256650062,1.3575850730783954,1.6917615284599956,-0.1252123786556833,-1.534264479778153,-0.021503336495534014
2.76,robot_1,826.3823582703736,391.10690085435647,0.8242889955089826,-0.03276201050264789,0.07354378350074404,2.4866723529063153,99.96904510183074,-4.875860322951188,-0.6717450836024168,0.664406639615684,2.2238408599419754,-3.267318431911563,0.16724064343856762
2.7800000000000002,robot_1,826.3011464746578,391.07867349288284,0.832928306665288,-0.020175111117697247,0.07495798603302084,2.4532530608760794,99.96987308026615,-2.1739934506840584,-2.80129077016458,4.153285486177659,-5.349087960212333,-5.853584086894337,-5.704331698819829
2.8,robot_1,826.2547188262121,390.7908881124968,0.9975224128648388,-0.024837208271643804,-0.009800473564365192,2.232377798545526,99.97507577605714,-0.7089808481629758,-17.60153540775951,3.9502645675246404,-6.020803865018149,-19.77875384590578,-36.98492551764326
2.82,robot_1,826.1866662214358,390.3379858712974,1.014187640329306,-0.0686855341271337,-0.09851857323782956,1.9595954522780983,99.98072595281322,-2.724852345059163,-24.684750112341767,0.13827975880943733,4.184153470686823,-14.512119572016182,-33.90874401623411
2.84,robot_1,826.1156511048753,389.6971090266466,0.961758256857562,-0.08084427622516895,-0.11755584211804827,1.7427243153781395,99.98471161526435,-4.516631074614129,-35.21968327157673,-6.069374375428832,-5.711243329561898,2.88854519044299,-15.75180258317559
2.86,robot_1,825.9851268641197,388.85360545500896,0.9287940752333378,0.027970443277943693,0.09818548030305248,1.683051442011731,99.9857835650114,-6.8290401214948435,-46.12253448190368,-3.901366742974349,10.872199962183345,21.97253183212941,-9.197385558886706
2.88,robot_1,825.8566933858008,387.77363786825794,0.9393274403138339,0.02689794771156218,0.23652870649894356,1.409861589042736,99.98977758236664,-6.549477019750655,-56.05399564121587,-3.2223900058939847,-10.415999870495824,7.34563398201714,-35.38017711884082
2.9,robot_1,825.7082927484882,386.4689161190385,0.9288468900454674,-0.13868409240121024,0.29004479167466046,0.9177538100430744,99.99527173164483,-10.541250643318111,-69.02926104900831,-2.1568841486710535,-17.492715633511,4.380923705648801,-51.80209977990163
2.92,robot_1,825.5259706254141,384.96014588679304,0.9210785513354584,-0.26483428947754983,0.22973262140198875,0.1980593228336131,99.99918928784584,-9.335378413471519,-77.16947231136231,-2.143196989118396,-10.322837229329163,-7.9604466741284465,-72.8080544202109
2.94,robot_1,825.323696283031,383.2941748341616,0.9194491889928151,-0.22672395556588387,0.12675578842342747,-0.5383692222556915,99.99821342303372,-9.818895164586081,-86.60474068644865,1.9019776031833822,10.066740100917146,-14.123360832415418,-77.20087325626126
2.96,robot_1,825.0787737606851,381.4134108206658,1.0133434416022915,-0.07107116397445606,0.09681001021794958,-1.3215027265375818,99.99119564869363,-11.120596791895862,-94.7865679558402,1.8277228747602892,13.968810472260135,-5.0445406200856695,-78.49820842076603
2.98,robot_1,824.8639186657515,379.41684778024876,0.988296288983256,0.027387532522029204,0.07078835229005212,-2.1070800654714654,99.97776979173888,-10.441975101369849,-100.95707239741579,-4.272322166094897,14.829451850498188,0.20528284174208578,-79.6506424865453
3.0,robot_1,824.6479171682546,377.2668826415257,0.9792532025941332,0.03267489277682889,0.10594410485413203,-2.8445385601577633,99.95947333083446,-11.631484303236435,-106.62446377829373,-5.406231049833016,-11.538170292192744,-4.157357462847773,-75.42713534096858
3.02,robot_1,824.4021278706163,374.9887927933634,0.9200879279704379,-0.0068570798801257495,0.01781795065563017,-3.6920878163940567,99.93181737093109,-11.115173767307814,-114.45054783138475,-8.822912342020937,-3.4348078805437705,-14.666724214517767,-92.71624474630286
3.04,robot_1,824.1736191288295,372.5932439489348,1.011962289584097,0.03421548845091777,-0.03432445720143682,-4.5109709204757005,99.89819213822948,-12.550880156486691,-119.81324612873787,3.6919910738143136,5.507028196133121,1.9045062690216292,-74.37712016691155
3.06,robot_1,823.942529182147,370.09630604297195,0.9935855136408946,0.022163990672174713,-0.027772145618748505,-5.242068983172433,99.8625027237006,-9.587393947388367,-126.77383444830619,-0.15810249306280064,-5.214213085986928,0.4055211989299534,-71.90628273604568
3.08,robot_1,823.6852140459268,367.4733499378596,1.0004029356682178,-0.13001114990498328,0.06832285164108196,-5.887621149621551,99.82642108323515,-12.459695675940626,-132.68355160786703,-4.516092896103572,-21.668433363592822,2.8977329101121168,-75.78307570719551
3.1,robot_1,823.4288600784762,364.7689575039202,0.959556692310317,-0.11612139882203616,0.0006763999614626164,-6.639306994560135,99.77928701887583,-12.559731421859619,-135.99221834700944,-5.003172600973947,0.2706665563247557,-19.722954446725684,-84.78836091072446
3.12,robot_1,823.1541420081151,361.9269804910787,1.011598413789783,-0.06266448092207078,0.030228246378668947,-7.319504267421581,99.73174026705416,-15.345312015595105,-144.62438756080732,4.699135579913516,5.898820231119896,9.109874252786131,-61.25701852105752
3.14,robot_1,822.8502702086881,359.01451724503266,1.0250080069295193,0.050871554288796535,0.15769696320191284,-7.904530027639348,99.68696478875717,-16.541295237136953,-147.54940897892786,-2.8947577634313015,11.067349486323808,4.294623531640374,-59.00228073836294
3.16,robot_1,822.5592868317008,356.0076551729573,1.020567398901211,0.04616033284914231,0.08254866581720119,-8.538978237127472,99.63471737104143,-13.444285309309889,-151.7505491751618,-1.4559575376591967,-9.915309467093266,-11.772276655162571,-65.99010925392997
3.18,robot_1,822.2403491269853,352.91126770646076,1.0035234176829926,-0.027152696720402294,-0.033802894465646376,-9.16454877279729,99.57916029916304,-16.492042221310243,-155.71556241870007,-4.089126807648858,-10.533941243428977,-8.363775891660788,-59.34155510469783
3.2,robot_1,821.9050218006867,349.72359438554395,1.0180375043321908,-0.06745929639699423,-0.021856089746895062,-9.633154763254668,99.53490493722218,-16.840660734163045,-160.1438576843058,2.6855295180990733,-10.587599095329184,-4.936560669901968,-50.371499546495045
3.22,robot_1,821.5077767601679,346.48042857085596,1.0380293990963276,-0.01450931525095466,0.05947179189827983,-10.01423506029249,99.49729317294491,-18.498807735858623,-161.41759227772718,-1.9868079707356738,12.444021528694286,7.752583845042273,-32.04442900557734
3.24,robot_1,821.086309182349,343.17585595066123,1.0145009980835815,0.04486293256005002,0.10829464233514303,-10.3126929487681,99.46675134803667,-22.947394540159667,-168.10667090434237,-1.474086002268955,12.996681394506531,-0.07248406090474384,-26.098333939389306
3.26,robot_1,820.6555374319066,339.79227707334,1.0263610992738128,0.07798025804178642,0.09809037904595896,-10.585444886158461,99.43808452458744,-22.957340316281133,-170.80836384260314,-0.9278084984206144,2.434134051983706,-8.994072069507016,-26.23345134301866
3.2800000000000002,robot_1,820.1872606712824,336.3325022062405,1.0491901730291082,0.05014955004184232,0.006929608491016936,-10.913205110398906,99.40271319849133,-25.210242958198698,-173.5041395584595,-3.551853941766598,0.6604235823108885,-8.150695782980433,-34.773954635540825
3.3,robot_1,819.699276804049,332.79806161890633,1.0213148535754588,0.044613791370040574,-0.005702408375678767,-11.214254567181165,99.36920283264135,-26.900952280727964,-175.97914804479635,-5.683088421515782,6.742381107732356,-5.114823261019138,-27.77551419708784
3.32,robot_1,819.1989225835316,329.2106576710712,1.0126151103726913,0.09520946199538631,0.03652905832415782,-11.461700427208536,99.34092320943657,-25.618827101774617,-178.02284725424184,-0.7601582782761429,1.8763813323659575,1.0132619419828766,-23.20176865779485
3.34,robot_1,818.6863989567385,325.5615229192847,1.039624816929964,0.006800169019698217,0.0035954412824304033,-11.715842281737919,99.31132352586962,-26.53461625588142,-184.94426368019234,-0.9853048181367011,-6.452160976333965,1.1013254503239311,-17.653205914970506
3.36,robot_1,818.1406948946892,321.8655096323209,1.0503684859825395,0.018558684552630655,0.04503617710032042,-11.888684030435963,99.29076905403863,-26.798829455518536,-186.56872251338174,-3.7556131324205677,3.9347302727339937,13.22406242863417,-10.979179745625268
3.38,robot_1,817.5878478622037,318.09372626280845,1.044379343889807,-0.02384396782707245,0.009751681293527235,-12.05049711572381,99.27126903406565,-27.930357123818116,-191.30435601488708,-2.675992387552399,-13.730434906789995,-0.36644227565061316,-14.759699835508474
3.4,robot_1,817.0135806452887,314.26331971052423,1.043596562106978,-0.06241212832145863,-0.015690789965250574,-12.198618931976732,99.25315891536032,-27.921043697722748,-192.21222620982567,-3.704779882166387,2.6261110101424574,-3.7082165904337807,-14.722029065592407
3.42,robot_1,816.4209897225409,310.4073312995512,1.0042322971474342,0.026007532225717164,-0.05883282144050155,-12.324281840466195,99.23763368513049,-29.068074857001864,-193.51883010692927,-0.20543011369086386,12.556737867320983,-5.593047192120335,-9.268909240876688
3.44,robot_1,815.811216711777,306.4988488180809,1.0227623469532647,0.005030905789511509,-0.06594531068982486,-12.36724038888322,99.23228804713496,-32.87098521867124,-196.07229411080033,-3.5868769613010083,-5.313048491986369,8.318331609485607,-0.0977176331611599
3.46,robot_1,815.1692826101289,302.5625433012204,1.0466844041993575,-0.0035017275355861688,0.027790507319875916,-12.373853272367736,99.23148175160705,-32.869311241845125,-195.6558764507029,0.49088564419560754,5.091116086350474,2.4192136807640425,-2.9735136070736057
3.48,robot_1,814.4999655419731,298.58647549264185,1.0484947913198788,0.05199747651816411,0.07595047033450694,-12.378426988557507,99.2308725804497,-32.78476829263644,-200.5314078441391,-2.4329979443615963,12.397286635846259,0.7287982201219712,0.009117225218476833
3.5,robot_1,813.829857945791,294.57171537067165,1.0228535289172769,0.033711928631885546,0.027364549653097533,-12.401842183626902,99.22798206725612,-34.268840935443464,-199.67503149250496,0.14676080151907156,-1.865214852720043,3.624513030764647,5.259377188714785
3.52,robot_1,813.1184133054666,290.53082687688743,1.0539834089801057,-0.05766261673986944,0.01940870314700125,-12.354091927326051,99.2339292327783,-36.072674703058425,-203.09455153779425,-0.6089326253984885,-2.731772486159185,-2.4637179525944553,4.894993692553494
3.54,robot_1,812.3612419493121,286.45800588150166,1.0348908761720832,-0.03810352304007816,0.018550287182563574,-12.289259758603308,99.24198858645443,-39.03709338602073,-204.35486675984143,-1.2761797785480045,8.453113956802058,2.3653123507100715,8.888848188178809
3.56,robot_1,811.5864207726586,282.35345958803964,1.0319329389290335,-0.008903604579085593,0.03335086046636434,-12.247741552059896,99.24712406573742,-37.97313201074021,-205.4881275492317,1.0002242459662696,0.4481576505074551,1.0084781721591207,4.246430151758171
3.58,robot_1,810.8150525613039,278.2439266788174,1.0697177182929933,0.007879209173731127,0.05381687906490768,-12.230080337333913,99.24929307861065,-38.127374390002664,-204.16637617622797,2.7630419119929592,6.657584481035384,0.6853675847812021,2.0449129221982414
3.6,robot_1,810.0261167660575,274.1121578206966,1.0659191392105214,0.0009019457365414156,0.031364426893616834,-12.25104203603699,99.24671775172453,-41.05976034579043,-207.1073249595902,0.7228184885239997,-5.263695556194178,-6.465790078155592,-4.548662559636534
3.62,robot_1,809.1870027443887,269.9321108210102,1.0736988631998532,0.01870195534213396,0.019508396069400177,-12.263438333141508,99.24518804409908,-42.711325507117834,-209.67098209651155,-0.1540577893947877,2.3712812998629254,-3.191910456645773,-2.289453332795276
3.64,robot_1,808.3337788077959,265.71149814002393,1.05038489935644,-0.03991431392659537,0.01581871095163655,-12.312204335147934,99.23914439889883,-42.144160337271444,-211.47557820477493,-1.1866842931275217,-7.668925058959626,3.7314104819424596,-4.696982981409852
3.66,robot_1,807.4605192509363,261.4553386606203,1.045246847629971,-0.053846559924817766,0.006540861676270336,-12.332218697735833,99.23665371099696,-45.27879184730193,-212.71051555536354,1.788431194810132,-3.7876124658083223,-0.10640407039470418,1.6407068256069037
3.68,robot_1,806.5594681740206,257.17184383865026,1.0373064728310475,-0.018052401160108943,-0.03402235139246103,-12.314709948991135,99.23883531895483,-45.14466457506245,-214.60796783170935,-1.3246278019708033,-0.779674704554126,-8.692736123527986,0.7038264185308108
3.7,robot_1,805.6117982236026,252.8657332130686,1.050723702127565,0.04044793484876234,-0.005063077902394493,-12.267204814099307,99.24471786638698,-47.379148591301494,-214.67278110168627,0.08482322377432791,5.764991497308603,-5.367302410178619,-0.9903441645681756
3.7199999999999998,robot_1,804.6258566859153,248.53203845752242,1.0554663968029128,0.046257069680272114,-0.009122340217986137,-12.294672710703152,99.2413159929024,-50.7210928264776,-217.48574072090116,0.9001395055131697,-5.058825856054737,-6.9912126360462175,-10.063785456201257
3.74,robot_1,803.5883884472806,244.16880938147244,1.0545896488718411,0.02359480951357273,0.0054458738016444136,-12.3524682485006,99.23414705532167,-52.28109245560667,-217.98607019271233,-2.593975022717131,2.018595287950024,-6.371644587934691,-10.819195004312258
3.76,robot_1,802.5250121031618,239.78929268277432,1.0512114995850648,0.0058444363158871,-0.026279776818546326,-12.40947633833235,99.22703347487652,-52.25403120697393,-219.12226607941454,-0.4836278677864939,-5.847195996975259,-9.75148921924888,-10.490272666598639
3.7800000000000002,robot_1,801.434406002745,235.3929445925753,1.060634722381236,-0.02022447973541587,-0.037942970094331376,-12.430836078034478,99.22435419644955,-53.31290177866218,-221.7978797029099,-1.1667698835200353,-1.7873335376677169,-3.4477891576147597,-2.9174394807240422
3.8,robot_1,800.3142793863866,230.96138469744835,1.0656828844756285,-0.0029812489813617346,-0.024376089790364253,-12.449922305200069,99.22196748458923,-57.97608573691985,-220.06663614369336,-3.5421510758697,-2.29195330655007,1.9544128303988015,-1.9142056680139519
3.82,robot_1,799.1828531661735,226.49795083486018,1.0571407303322642,-0.008001812788562355,0.031091778472557393,-12.485736906251047,99.21746491006603,-57.2201244153297,-222.04993957796327,-2.132560809995333,-3.680062853513668,-1.3984349776672076,-8.481038526310716
3.84,robot_1,798.0411663173978,222.02291703023604,1.0513076630933398,0.025852911823474645,-0.0031640308999465894,-12.530289093567204,99.21184998198295,-59.00153759357754,-223.1290304632157,-2.688124667207566,-9.172640415894788,-11.18280576576716,-6.382643051973985
3.86,robot_1,796.8677952453817,217.51760087599416,1.0382533807178136,0.0045551607865234895,0.03420916009165839,-12.516935994386882,99.21353295945214,-58.932980124264056,-224.83796020106786,-1.8759325133590465,-0.7038545484139698,6.468453667828,1.9221974847615075
3.88,robot_1,795.7138112840289,212.9917489452766,1.0630755000452412,0.007048765060784721,0.05061867590489746,-12.46944868437486,99.21950532819797,-55.340954869108685,-227.25461913978364,-1.0179227456927324,3.4102953155893365,-3.950941443001045,0.7448730579973384
3.9,robot_1,794.5616866063835,208.41927671156398,1.0518985087753077,0.010830583323208201,0.03656356878603481,-12.472486041861124,99.21912939418226,-57.27193372007589,-226.67547977036614,-1.7101175311145813,0.2996373580640534,-12.131389975387124,-9.236834996178748
3.92,robot_1,793.4130242043706,203.82230012436415,1.0473033694714504,-0.008600715151462312,-0.042665390436411946,-12.531541612452472,99.21168565500503,-57.0402558174546,-229.10560746411826,-2.3219185667740274,4.681295556847602,-9.603946621662779,-9.73876444244079
3.94,robot_1,792.2510768489985,199.243377156369,1.0582604707067882,0.051754754868446835,-0.014617283973358042,-12.599812606272422,99.20303337129958,-57.17831538169303,-229.93574643680725,-0.10870976536939934,3.097564904999623,3.8428593916164155,-9.300635098392322
3.96,robot_1,791.0705143799083,194.65467991838153,1.0690444584669285,0.05592327846539063,0.009009589294525501,-12.70346704792841,99.18981155530253,-60.293066384226435,-228.27882123494666,0.1507615048113757,0.19810557467892553,4.733047148015675,-10.194196493128542
3.98,robot_1,789.8796154670326,190.04304086709948,1.0604350439485069,-0.018700254994159376,-0.008559749499956245,-12.824597243678035,99.1742369901004,-60.2498176166584,-227.91981500656013,0.35946192561099827,0.7724497895630029,9.221553239467026,-10.82960991574337
4.0,robot_1,788.6761789836064,185.43329093771874,1.0601234719348496,-0.011936019115896297,0.007296662661678787,-12.99072596228573,99.15261390030501,-57.651105746115164,-229.68674838215156,1.3327833176982284,6.441964589556536,10.111854898416038,-15.806636759945233
4.02,robot_1,787.4748781756562,180.81143984151004,1.0609320062413614,0.012724275548790947,0.01505896617514164,-13.15393804353213,99.13109262621525,-59.10961894365593,-231.8374522392166,-1.9036742326984009,6.159131783022573,-1.1882919867227575,-12.778420884449208
4.04,robot_1,786.2699493381045,176.16398012653553,1.0577038083997798,0.04439542331907679,-0.031759436079055466,-13.309475754348005,99.11031669573572,-60.10795034240979,-231.68456694647804,-0.5200586397802066,5.127477027945265,-6.017857904064513,-17.421238029005917
4.06,robot_1,785.0408930290348,171.50341818660982,1.0653414427312606,0.02703697590648364,-0.02575830541799106,-13.489180847897842,99.08602628809142,-60.089471715768106,-234.433136686173,-0.4735406504615354,0.48827052181077274,8.59391670733759,-17.429182694498515
4.08,robot_1,783.7835648822735,166.822900864014,1.051520041359246,-0.021603490417203965,-0.006699657896678543,-13.697691030889747,99.05742147273,-61.593476389940705,-235.31252932234574,-1.9954469740285412,-8.696112054887827,3.6448183265893523,-20.01652955149614
4.1,robot_1,782.5104694325257,162.14132987455716,1.0346191072385034,0.0053154889557465055,-0.013285587206366604,-13.878892135646858,99.03219753355891,-64.23711512378154,-232.38416440006353,0.7395105289280548,9.426593783969972,8.449364272049792,-13.315178031985738
4.12,robot_1,781.2194149548794,157.45578446760774,1.0837686310895247,0.026050035750354337,0.023777632416430747,-14.032965106352197,99.01047745740719,-65.45485171445968,-234.11783169379828,1.4524550231327287,-5.2243489218602415,1.4540202413244547,-15.353924493461443
4.14,robot_1,779.9178091938219,152.76313401702325,1.0655928055841528,0.03823627243641269,0.025771038413184004,-14.184353668715266,98.98889829087832,-66.43990169918979,-235.6852238179784,-2.9623377073556,2.205108850170313,-0.7921826229796248,-15.219518252513339
4.16,robot_1,778.6188662181376,148.03744387637175,1.054708926258837,0.013985062827249787,-0.00685836306749969,-14.338814981549607,98.96665166764895,-65.08053333765369,-235.07150313097873,1.4163270769932765,-5.674822488348892,-10.535649922062174,-18.825005071544798
4.18,robot_1,777.3036466692676,143.28885620340932,1.0687796852189637,-0.04519632493531028,-0.014085455505782269,-14.500038655810766,98.94314851404391,-66.42984714260547,-237.66856882782287,0.6595920812557046,-13.621044506491609,-2.550218790113053,-21.91053910758855
4.2,robot_1,775.9847654829468,138.54097629407332,1.074468470116988,-0.031240915540115183,0.01946771440929059,-14.657630487740278,98.91992980940778,-67.4493242492859,-238.85124395593675,-0.25284586970561,4.70778357496533,-5.793203050076727,-20.583170459123572
4.22,robot_1,774.664519400182,133.78500782130652,1.0615643358407978,0.013010776379484152,-0.04127320557899972,-14.834316798165306,98.89358509212755,-65.71410696026997,-238.43154548708048,-2.3633523208262144,-1.8990855131107975,-15.260214112593967,-23.670987196685783
4.24,robot_1,773.3130683461949,129.0249432743488,1.0734319726059685,0.045659070405758145,0.016920880670932358,-15.021709038084008,98.86529161696855,-66.9696467031361,-239.25062231512376,2.0291288341393234,1.2548434711619552,8.052214620819376,-18.823593603688522
4.26,robot_1,771.9793614567419,124.25119168359583,1.066679657153708,0.021839549941295288,0.022895587283035264,-15.187484558257422,98.83996818908247,-64.72509378520492,-239.72282253529275,-0.4999952618940975,-13.844487117739943,-3.1761807624355987,-16.128566372937094
4.28,robot_1,770.6354573379867,119.4734664695535,1.0640370784535127,-0.06516605122481385,0.016264207772362135,-15.341445981315923,98.81617035720257,-67.3169537445283,-237.3398702671083,1.8996773666956206,-5.689862216369617,9.175834121195305,-9.029603519789188
4.3,robot_1,769.2825420916582,114.69903194329089,1.0826540075393494,-0.04592633541234732,0.018482039751407393,-15.455797607961905,98.79835964978186,-69.61027030052871,-239.82050461578984,-0.22490003195058295,1.7785427303587835,6.825107855814112,-9.339912468961654
4.32,robot_1,767.9074925594223,109.91551897725753,1.0767073344110325,0.0370977644585834,0.030400313853397608,-15.585871784297526,98.77792415464212,-69.68821045784152,-239.2016056341947,0.31888130638264184,11.744477747298522,2.8848575478031204,-9.32367766401357
4.34,robot_1,766.5286441130175,105.10650184345414,1.0668333948695188,0.02651147002335629,-0.00419068393171294,-15.730651710947843,98.75497899513209,-70.14183564075039,-241.03283031950872,-2.7560077183741325,-1.149575513615635,-2.661289131086514,-12.006111291485183
4.36,robot_1,765.1438305307122,100.28352717702977,1.0728734520031764,0.022329386429909205,-0.012150019491164338,-15.803978982788012,98.74327117372162,-70.80805517162916,-239.96060205840175,4.842507755594818,2.1239145110616886,4.599086266794002,-11.317784762321297
4.38,robot_1,763.7381865324857,95.44941311934434,1.0780341298328076,0.0009484143061857124,0.02015636569155205,-15.885460531346776,98.73019668028854,-70.5042052815437,-242.41111851703008,-1.0404945202605558,2.6652120746050603,3.7621294522397277,-8.826406964813701
4.4,robot_1,762.3329951466792,90.60270448404626,1.0859581682737596,0.010755195964550136,-0.012106981903140673,-16.01573451863513,98.70914843911555,-69.07320562244689,-244.69690742660356,1.8659088253976213,-5.267156335979457,-11.088528877640151,-13.724017726529192
4.42,robot_1,760.928276880104,85.74610557138914,1.068999163453543,-0.024554035171281983,-0.02410424994496954,-16.126284084707446,98.69114335999865,-72.56476314802744,-244.70630689183218,0.1429265691148958,-1.2467204811072052,-1.8584317308976983,-12.809977878815658
4.44,robot_1,759.4948325954812,80.90492535002961,1.0691078871657118,0.059955679926208545,-0.02253190472954106,-16.222196191346168,98.67540852897032,-71.79189667306137,-242.63585784842695,-1.5360543559938478,6.458240711291212,-10.187498732314728,-14.722330036981598
4.46,robot_1,758.0513465288525,76.06300266959043,1.0908517349052442,0.012040903572755293,0.020936455960835237,-16.341838725801715,98.65568267333282,-72.84474966396043,-241.81252337405738,-0.2698025344883467,-1.8993109566521762,4.412880713379029,-12.178221867175914
4.48,robot_1,756.5807397638914,71.21314566177972,1.0585984493574785,0.012273634905735933,0.05614598351213965,-16.438172894993965,98.63966326412873,-75.59804389395136,-243.35671029955938,-1.6477883238215714,1.161648547186438,1.5274847468219122,-7.867759804931033
4.5,robot_1,755.0952215088496,66.3631678743625,1.0702423470365978,0.016832712740991806,0.006509955888347617,-16.493270629454308,98.63048057382585,-72.11474634473724,-241.20396975426334,-2.4197096858858047,-2.8693903955738413,-7.181639858763221,-3.167917869325131
4.52,robot_1,753.6023232129173,61.50294316616448,1.0689867708688239,-0.012214683349427708,0.009366175579921768,-16.540348529519814,98.62259697249043,-74.90928447914388,-245.1714879859261,-1.8320592469146733,-11.485820617926697,6.482675182895234,-6.3278433913523555
4.54,robot_1,752.0951635406166,56.64664629956698,1.0507464687046755,-0.06317994470900809,0.04861622541279341,-16.616759585376037,98.60972034053755,-73.78315252105175,-241.22479409204863,-0.3883655243437558,-5.7512061559052,5.664768997830208,-6.850322564800704
4.5600000000000005,robot_1,750.5878980564313,51.84370751673693,1.0441177502229493,0.07118456467665757,0.06539206786978276,-16.76237539814537,98.5850568171813,-74.81522260221195,-238.7469280361477,-4.098195953283214,23.270614116520953,-1.1053272304235777,-22.435045541831812
4.58,robot_1,749.1164257803963,47.13955311783594,0.92497702587072,0.05284387708263612,0.09595515231570512,-16.899235684115276,98.56167527708793,-71.71453154310034,-231.8862163366573,-4.624945227358011,-7.517323258895568,-0.6659257420255422,-5.416249717358916
4.6,robot_1,747.7313541691819,42.64889373994788,0.9033290293495252,0.13227285145367285,-0.0792393622144639,-16.898534600857168,98.56173574648469,-66.75056282793076,-219.4532521430938,1.336494503100808,2.409201226594122,-7.861781787920659,-11.539289824586604
4.62,robot_1,746.4502244044713,38.32827206132276,0.9144153708689328,0.042043836143980724,-0.03191767467773042,-17.108186046142432,98.52566763939467,-62.296502129412076,-211.99032045404525,2.823503685957603,0.079999697918701,10.704948896676594,-27.777444948150816
4.64,robot_1,745.2405598940961,34.15150748719068,0.8796555238871101,0.0470841345319632,0.01576940597752251,-17.290718974054442,98.49379966155426,-59.65292483201324,-206.6108775595776,-3.286495666886401,-17.168010733308662,-1.7397912972301441,-7.3472785608344235
4.66,robot_1,744.0889342999054,30.165687252140295,0.870613524124806,0.11243958547627862,-0.003570764541893469,-17.37109449751534,98.47960408403179,-56.474304633783625,-196.88817562650803,-2.872814083387442,7.129224358036715,-5.092420253114754,-6.675109699979612
4.68,robot_1,743.0398086611701,26.341230649430532,0.8748274821301971,0.012482272761268488,-0.07021055016683393,-17.387718374555856,98.47670874068977,-51.781235279745,-187.83917325056126,-2.679176035014353,-5.085292597918251,-4.426655455527532,-2.190041036032107
4.7,robot_1,742.0836933543997,22.698718718502867,0.8758970355537042,-0.005639587594268263,-0.05229872936895932,-17.481557690524607,98.46010549329519,-44.36037853047017,-178.05030418372556,1.362050504012952,4.233736160632199,12.230195068275629,-20.891556451766192
4.72,robot_1,741.2235821121519,19.24946686160463,0.9168570953646454,0.08717803644517945,0.0746381558060288,-17.725428759603037,98.41644173827815,-42.138448832459694,-170.72855054533994,-2.924265439128114,2.747280335884915,1.99793723184548,-13.952132384074506
4.74,robot_1,740.4328852844046,15.902171706015821,0.8944801522225327,0.04933212956419942,0.03936295898744611,-17.7840590844609,98.4059106933057,-37.28074869453326,-164.5161144598958,0.8401030282000369,-7.563626614404753,-0.8967516411856967,-4.527870332721422
4.76,robot_1,739.6942131254302,12.699602942555835,0.8437744503770581,0.03514226637293465,0.03868975957805712,-17.810293996844237,98.40117222812741,-37.559218546581235,-158.70121832388227,-5.849969763417175,-4.714413131681106,5.988343692793584,-5.254124143796781
4.78,robot_1,739.051595956082,9.690321647120967,0.8665866769520143,-0.025070680617883378,-0.04765983947269019,-17.74342904048516,98.41325025567413,-29.47420169983492,-145.81188804407887,2.4499288199962117,-10.363342484983258,-15.971375196854876,10.784541531927495
4.8,robot_1,738.4657229894907,6.833664850652518,0.8756191967714113,-0.12644372326522202,-0.12655704707149443,-17.726989793672253,98.41606488858272,-29.75801458476614,-139.3902586746799,0.7484765530801406,-2.2088076187964765,9.654365633020321,-15.338581263102949
4.82,robot_1,737.9311942702383,4.144030030449907,0.8917976193623011,-0.024872855160245698,-0.03902251850115855,-17.90614243043306,98.38377875363994,-26.352077253313,-133.24041436520332,0.09536013269493167,18.04112037060123,3.573642483258806,-19.81462230040096
4.84,robot_1,737.4309885253633,1.6078175152421978,0.882824886891842,0.10514394451044072,0.048480943562404094,-18.127277520328956,98.34321737694991,-23.88777727071763,-122.4823837731636,-0.7124552093524145,-0.6717221216683456,1.7779841935441145,-15.241166656975578
4.86,robot_1,736.9903262891553,-0.7995626239494427,0.8565840786855711,0.06683666823215201,0.02903665341522334,-18.20917684896895,98.32812704519249,-20.81477653367026,-118.3322226252319,-1.2558634779306308,-6.5655798893074575,-2.264818949016817,-3.639169211129864
4.88,robot_1,736.6001043530237,-3.0512272158199205,0.8365649330679709,0.019720390369864046,-0.04845492345258679,-18.18611603321985,98.33240791749617,-19.487617320059066,-110.78909534903633,-2.9871471898134834,-11.423109975035294,-15.538058764670934,9.14534059003864
4.9,robot_1,736.2432875348355,-5.115141377850662,0.863079924369417,-0.026361500306393375,-0.061302135666252096,-18.118563666943498,98.3448686905747,-17.170447522712436,-100.6614382632572,1.0809990465586263,-10.592902718971274,-4.775407577656251,9.591798263775136
4.92,robot_1,735.9435651979309,-7.033856614626896,0.8519330727963983,-0.08130834469749941,-0.09212650884437913,-18.045165571540092,98.35830875505717,-12.8944236654179,-92.29361904419122,-0.4479862895793129,-3.205483141192742,-2.178774806336805,8.483066070045098
4.9399999999999995,robot_1,735.7192310231164,-8.788773694411027,0.854117471777352,-0.050732504746306806,-0.0875456915476626,-18.047334092301654,98.35793559304558,-7.830357690157719,-84.9848613350206,-0.26560426816595156,7.571012977437578,1.1581102295505268,-5.305671336001675
4.96,robot_1,735.5437854072618,-10.389026194278511,0.8629714256049761,0.04283638934395853,-0.0007016792653920261,-18.17973556427149,98.33359232411148,-8.501994579123009,-76.97344371593029,-2.1821927150910603,17.425530236275417,15.947232168387176,-21.282173392199848
4.98,robot_1,735.4018369945051,-11.84538711593284,0.8653038891238973,0.12346545910766435,0.09348510193340553,-18.331899635873025,98.30522606940286,-6.810511806003405,-70.42390536181217,-0.32413553538508355,13.195447234672548,6.243483065750826,-10.79181795747323
5.0,robot_1,735.2901354144977,-13.16462974416269,0.876371843812769,0.14667434725042103,0.09556444896384707,-18.363504420759323,98.29929328057607,-4.9458081136165895,-63.58674408059994,-1.1490962162705314,-4.615624093974704,-4.5642365921146215,1.4406589744379048
5.02,robot_1,735.2159444481719,-14.384456741559342,0.8464632474856324,0.06319821415475063,0.01412947771261902,-18.290635742750215,98.31301262025092,-1.2676907079237374,-59.77711638521638,-2.611699395641537,-15.023187580961512,-9.148672575912215,12.934553124709739
5.04,robot_1,735.1787234328469,-15.472497147095229,0.8100027619610345,-0.026077368803955284,-0.054357946166742874,-18.137685943948007,98.34134793556186,-2.9183288818642725,-52.10728617146372,-4.2508143537486704,-15.063695949486675,0.5259077944913466,15.573915887638675
5.06,robot_1,735.1635294841822,-16.391221588198594,0.8455607201635372,-0.05476503598111747,-0.013491741912147071,-18.02472539078503,98.36211716586078,-0.19602172902841566,-45.4076743573473,0.696768583249318,-0.6975472672713935,-1.8768114210171611,12.848348774356054
5.08,robot_1,735.1599560098589,-17.1752242475615,0.8639518061927889,-0.011783300269056331,-0.025357030799265493,-17.914938086982396,98.38218442133928,-0.9933689330630081,-36.51965985624536,0.8625780290443671,1.2439379953607765,-1.9789100251987053,11.950968346141188
5.1,robot_1,735.178334759534,-17.87327511868955,0.8434379724797704,-0.01927493176848003,-0.03038898301722358,-17.841828693800135,98.3954666326036,1.649774974212166,-33.07757364463528,-2.3358546670445355,0.40828358387428243,-4.6043201169741055,10.24721942665557
5.12,robot_1,735.219953847659,-18.481470632914395,0.8382751750676144,-0.04945090980553392,0.0009087819487125227,-17.803907819855585,98.40232934297704,0.3854743765551748,-27.87205376571031,-1.322836687152589,-5.2622541660475735,9.815962846925487,0.30042082503017964
5.14,robot_1,735.2853953748584,-19.001069303740415,0.8395441438650283,-0.050248776716356705,0.004799498252823349,-17.806264383988605,98.40190242425577,4.110126518371762,-24.477971245482248,-0.04238191874543765,3.4605449831968422,-4.711027102062172,-0.7146940200936447
5.16,robot_1,735.3764211270601,-19.438492675889062,0.8330026409585467,0.03410373048779424,-0.06711672189923452,-17.805165616214783,98.40208539284303,4.421749825776841,-21.960887620316363,-1.2420484277218975,11.203729178932155,-10.995078765676979,-0.5034228212610807
5.18,robot_1,735.4751945696357,-19.80456438614628,0.8255415158000996,0.09556727665830217,-0.09323718553208755,-17.81699128018443,98.399883106865,3.761258826852984,-16.292160074245704,-0.7611159554068936,3.183694338697185,-3.764443653315899,-3.6689920705060066
5.2,robot_1,735.5683677244059,-20.10942004987082,0.8268284746239147,0.0620107272728285,-0.045856187167253176,-17.850036867451525,98.39395426402186,4.4973474695629125,-13.10304388688643,-1.1794888574324827,-2.486175841059424,9.075456515823435,-5.483054737074524
5.22,robot_1,735.6644283946035,-20.357530165859913,0.8253259021336716,0.024463982688771608,0.028344124285790136,-17.89146567460097,98.38645259454549,4.469860099210528,-11.960921640145356,-1.403411163640817,-3.3625844926265582,8.951237625507206,-4.707133106828641
5.24,robot_1,735.7691236942225,-20.558241223933223,0.8217465251903068,0.01809366095489642,0.060402599628624695,-17.94634956076069,98.3764431232822,5.641834768093626,-6.736534336187263,-2.664802137789794,1.9179276996052022,1.581953059525952,-5.457720519516152
5.26,robot_1,735.9991267939022,-20.784351081175934,0.9569302334729958,0.04410045928233336,-0.049744590488986516,-18.023833981467796,98.36227421747473,14.116006849392807,-13.120792931600775,11.356933894999697,0.8038060674973393,-12.493677239694508,-11.596282636350795
5.28,robot_1,736.3659786646448,-21.068585745562164,1.0712716341822002,0.03074182079940454,-0.05418320637807986,-18.08919074104686,98.35027858351306,20.868291355247866,-15.604725814010662,1.119552071380883,-8.30037071770703,-5.075722200423919,-4.121089492506752
5.3,robot_1,736.8368989698433,-21.387742772864744,1.0278958099518107,-0.03807481070103876,-0.05965500022715696,-18.09412208390239,98.34936572038771,25.527911226084488,-16.332583515362725,-6.685673413911419,-6.972105554752156,-2.9173421091372314,-2.1882693567431466
5.32,robot_1,737.4791521672885,-21.73369070634643,0.9522654412238641,-0.03606462970600082,-0.09775674590447773,-18.17220710897161,98.33493800145376,35.84897816317342,-19.027205880001453,-4.103996225389369,-2.4144907810570744,-5.810270495368572,-6.272623086136288
5.34,robot_1,738.329875408768,-22.148852278669498,0.950812663701232,-0.12558301279179884,-0.09412243472354415,-18.1164982699324,98.34514660271607,45.14003245001565,-21.28695931974252,-2.8231779134767283,-7.4020145257879815,3.8245249340503844,6.664652156901385
5.36,robot_1,739.3694380886832,-22.536749451528404,0.9774264981677719,-0.04928705296042952,-0.10044440824860017,-18.189848936579185,98.33166772394178,56.627983945068664,-16.921569046059833,-0.5298076222027045,8.55417925088147,-8.579143591729753,-9.209996921500087
5.38,robot_1,740.5895610831054,-22.88766804354111,1.0011184838447114,-0.027876149656356115,-0.08548241616565595,-18.15369869441915,98.3383706362326,63.207441591030374,-18.46806241294917,-3.5208286895978955,-2.2614001511289885,2.8662256951478136,10.125613124164481
5.4,robot_1,741.9497734898188,-23.28282991460762,1.0070320422748247,-0.07280138125713309,-0.02813362456059817,-18.02074022291395,98.36283256533592,70.5258662826829,-20.367661639238772,-3.0336399864757047,2.0508082792581166,1.823830081615365,7.393758950759922
5.42,robot_1,743.4490159430567,-23.729232660548167,0.9983420160812175,-0.05191582029265011,-0.01906075827814676,-17.947879413826158,98.3761686892809,78.20756941667901,-22.037622403880192,-2.0107449210523285,9.656748493433264,-3.777785864867521,2.7187013723503775
5.44,robot_1,745.1034689232426,-24.1646865969498,0.9618861997247908,0.051379640184068674,-0.02843244822336376,-17.930248325308312,98.3793817154857,84.47616077170184,-21.313107910453883,-3.2158745951978593,-4.533730587992714,-3.978557748790543,17.787900553086246
5.46,robot_1,746.9120917918632,-24.65251425553789,0.9857861358079562,-0.06729276291745488,-0.048937760323859,-17.686542955473115,98.42346912735742,93.5299453708723,-24.840524138151924,-1.5744920637657291,-21.016160838943602,-6.165962617085515,29.962233931879588
5.48,robot_1,748.8555438195024,-25.149990602263085,0.9789698786098665,-0.10624570358128702,-0.1107621490983101,-17.488473258808277,98.45877181172202,101.27861668501303,-24.65917190370927,-0.6696012792242364,9.822116304340193,4.022475430830296,14.65625052910168
5.5,robot_1,750.9246835690026,-25.650210001853164,1.0096409547142349,0.09297308646281903,-0.09067322154147116,-17.473924394465396,98.46138888228522,105.29254720932795,-24.186658411868944,-0.4366993726127274,25.69434595082281,4.143567006974326,-4.5113073875872125
5.52,robot_1,753.079725278949,-26.177342661677848,0.9921586624477924,0.12044551948633933,-0.025515917122643703,-17.363538519695727,98.48092389843757,111.73366052692815,-23.582265325070903,-1.681626397774394,2.730414269586564,-2.9106563225243165,7.18681825615817
5.54,robot_1,755.3605606884901,-26.726606306828444,0.9794186632177272,-0.012930480600057399,-0.07824024095057726,-17.132649639376453,98.52139883092273,114.8235255377471,-28.22999927351401,-3.235869484804805,-14.61377587860241,-8.694953286588323,21.258270604833644
5.5600000000000005,robot_1,757.7416591020067,-27.322760284836566,0.9778379029773375,-0.09138717020788961,-0.13581336425743462,-16.974637122751037,98.54864229235294,120.18390010533521,-32.37267558097437,-0.20249067469651477,-14.099152352121566,0.02323881600264019,17.973008055129974
5.58,robot_1,760.2236546672058,-27.980671323377187,0.9680840076749017,-0.12801338129867504,-0.12519622774986292,-16.841672901166866,98.57142584120851,127.51444235382654,-31.976897068973354,-3.017649109940393,-4.541428038715157,10.619748956169014,14.034181975165339
5.6,robot_1,762.8166635689232,-28.6567285258896,1.0130481307449208,-0.09235791781538258,-0.034048882361847554,-16.76728905237446,98.5842194700691,129.87352689947886,-34.861342265876495,0.09544576697112914,8.471803190783257,13.926870656587159,9.142871523071493
5.62,robot_1,765.485668154969,-29.38278371077355,1.0028126367100751,-0.060249473182078774,0.028843351498522053,-16.660711330923096,98.60231354288655,132.27873648437048,-35.78327456997041,-4.483236812455992,-0.2399794368222882,4.611871110411101,13.51382241896803
5.64,robot_1,768.2374290960392,-30.171529540442503,1.0028873763368793,-0.002001245517013781,0.020140912501780333,-16.636923150882208,98.60635059878395,137.0608161747799,-40.55096727782493,-1.045902944983817,13.502255184572732,1.3422282244530859,-5.584949362865838
5.66,robot_1,771.081306145883,-30.98888585817995,1.0085971165326588,0.027790670878589066,0.005213873676349878,-16.604865650904856,98.61175202383099,143.86333507583535,-43.150825154104524,-0.02826554665693202,-7.821835663860965,9.22320279815756,15.15149443167814
5.68,robot_1,774.0145633373273,-31.858285810275138,1.0387723743669304,-0.0775401587847582,-0.023876574885519433,-16.47319354967616,98.633804102386,148.46508040962817,-44.93730765584728,1.2980933153399563,-9.312903647118988,-3.76189787662249,9.733332308967178
5.7,robot_1,777.022471385713,-32.730079419775016,0.996543303774488,-0.028216466146334558,-0.0027614201452213836,-16.481445538067934,98.6324548471815,150.70688581300467,-44.29329475179913,-2.731327805831816,16.92816034181971,2.7086253056887295,-7.771921965156883
5.72,robot_1,780.1143278251943,-33.60663104200906,1.0095936797925933,0.08099272184580954,0.01741015330043382,-16.53520298919408,98.62342621898571,155.78199691765698,-43.58648375449526,-0.025967190477143198,12.488405077121303,-3.7313439352065867,-5.7536897156270985
5.74,robot_1,783.2818035895796,-34.52666559541731,1.0262689155134512,0.03962116376710919,-0.07464687452837057,-16.497053434989507,98.62981337288744,158.80274641955774,-44.997085383283085,-4.725590424592427,-9.801973877987013,-10.973396462346193,6.784516322923725
5.76,robot_1,786.4887946436448,-35.482286591720225,0.9824446556022839,-0.08045794580015486,-0.11547518184642361,-16.413597989402234,98.64367183475899,159.34057246500495,-49.402450936824124,0.06241235788714272,-12.347275611793211,2.2579737938100575,4.762729282011476
5.78,robot_1,789.7539258662796,-36.47380621755287,1.0162073785175796,-0.12250438864260939,-0.08895798029383442,-16.412825707098346,98.64378455564709,165.86418528789557,-48.89445189092426,0.17281735715446012,0.26597285625670275,-3.1859317115593684,-4.4192082291823045
5.8,robot_1,793.091785814894,-37.479909184509246,1.0503241390931048,-0.0628446141662458,-0.01485077701112629,-16.44811579149957,98.63800138343393,168.24197006526444,-51.66139612412084,1.1411159258476151,8.221615429242906,5.030764106352955,-2.622535449817717
5.82,robot_1,796.5101901175251,-38.50882721302251,1.028087829029866,-0.013273465036525628,0.028481909238632922,-16.49036936970056,98.63096233255972,170.89906355318544,-51.40253814859271,-3.7131881887121576,-0.4382768170102791,0.46294029561045136,-1.3806574619812957
5.84,robot_1,799.9725534528076,-39.561832027234225,1.0072662351383839,-0.03719262326234994,0.04612914276950785,-16.521374632692133,98.62576067669745,174.30816302280186,-53.69914665989264,-3.274693650145698,0.192893171543772,3.077666394249524,-3.7061900244307555
5.86,robot_1,803.4840836452711,-40.653614348904235,1.0384296968139002,-0.06334737104794037,0.001110344681170736,-16.623091566672244,98.60866499777669,176.93163560869124,-56.2235842531647,5.784833147833974,-3.306133722628754,-5.277037407056868,-11.24909828557399
5.88,robot_1,807.0257141100047,-41.77068345902061,1.0510770867285795,-0.03278701166996661,0.03264042262614345,-16.725789026774006,98.59130712718299,178.97149459849695,-56.25300287933705,-0.301743027488767,11.008118032576089,-0.2640292918441338,-7.993091659486742
5.9,robot_1,810.6166509607195,-42.8830559021747,1.0386355378634626,0.057297674264561234,0.023660104408539568,-16.790532209541574,98.58029308790034,180.10877601573907,-56.038071486250644,-1.958731491904992,2.7913828829269502,-12.159031043506765,-9.133762035430617
5.92,robot_1,814.2543587931635,-44.018042239043695,1.0214920041545505,0.007275293527926203,-0.004915334455219684,-16.834873837896804,98.5727495090387,182.3677208700212,-58.8467037294854,0.47407736478891677,-12.66884369950994,-1.6107085577229914,0.8712050105360521
5.9399999999999995,robot_1,817.9359214148482,-45.16843224490329,1.057111822453686,-0.01788999170018381,0.01628971762334549,-16.824188666074626,98.57457121550985,184.48892968673707,-57.968246133264365,0.9470908973601166,-5.753917006495564,-3.27078957267506,2.5619535947559875
5.96,robot_1,821.6667845442872,-46.326037058119965,1.0380376406717855,-0.06783564180942464,0.07118696301753198,-16.75311869159758,98.58662863110415,185.22555420146045,-58.94531911784947,-3.9907009362172596,-2.9745657790953812,16.971138274916967,13.120470462261805
5.98,robot_1,825.3153355037828,-47.45465025068733,0.8727522411923437,-0.05651574453265065,0.1085628567817153,-16.519530145895928,98.62601149714807,179.29097859025717,-55.77130752871244,-4.997643460082981,0.0031046555422820435,-0.8223611680693891,24.53762240235274
6.0,robot_1,828.7199544978126,-48.47196425246743,0.8907927583339449,0.09958681380421013,-0.013767338448350909,-16.172127278738614,98.68359636842989,168.58732385758523,-49.43850944146549,2.480605537594449,12.704029028587854,-19.08334690631538,31.00665453519142
6.02,robot_1,831.9643468630372,-49.411191216240965,0.9019290493066826,0.08021704142779995,-0.05210874528431541,-16.046759101254672,98.70406461869354,161.20903623406036,-44.573656677679324,0.819272920212821,-0.4692275050653087,-6.8731652686190206,14.53022242359533
6.04,robot_1,835.0706766876013,-50.31156497757146,0.8750922351885339,0.051701316743735175,-0.030795854394934357,-15.930754814030527,98.72288199624464,152.9461727885969,-45.601809260554866,-3.581958922927053,1.8549941660324143,-0.3231202726201006,13.362303846378701
6.06,robot_1,838.0144705291596,-51.174744029200795,0.8461405090446523,-0.029213809195904095,-0.023355577749575116,-15.904019757085944,98.72720373147699,144.97150749349342,-42.12499566424976,-2.6201902271096777,-6.128649896983693,-2.1579585500081775,3.6982734176245593
6.08,robot_1,840.7598983424048,-51.97095032075606,0.864469954641452,0.08916224669828442,0.051856246602203906,-15.773474274201543,98.74809805937811,134.28240467041695,-39.186367516483216,-2.1953549564721975,17.091737232737614,8.829736366984307,14.618721750507598
6.1,robot_1,843.336419166689,-52.74002485246565,0.8606456939465594,0.05087072880875746,0.06297410773603154,-15.809296208414597,98.74239008564312,124.00754374159841,-37.91672307129818,0.5248852088267099,-6.980140950615267,0.8280470066793367,-10.39779393739719
6.12,robot_1,845.7330420368701,-53.45329164363004,0.8702583559210861,-0.006540019621282951,-0.002561652435881722,-15.864614871017057,98.73355025349987,115.63825699222328,-34.42754496045471,0.7554719945868068,-5.462039097326892,-7.286086092492614,-3.5800024454575676
6.14,robot_1,847.9445670788115,-54.064377704353525,0.8873337962083085,-0.010597566512619247,0.009871636065238713,-15.857059573508883,98.73476313803855,107.44919938539883,-30.6914683166101,0.5933915270302815,1.120186310202044,2.743609692822755,2.887006693947385
6.16,robot_1,849.9983004647985,-54.63462192850837,0.8794954528213109,0.01970913661874007,-0.004632901178062731,-15.810801458795504,98.74218018312494,103.18384520055015,-28.707158608726047,-4.416211529852052,6.269351924154068,-8.45271301343269,5.080965206833805
6.18,robot_1,851.8818224580987,-55.18853804796491,0.8546859911730292,0.05512653183697847,0.07046033766738526,-15.775321373813265,98.7478163402068,89.16293797058532,-26.481832758394834,0.5527268961259808,5.068245890626947,12.10272108173997,-0.4202061164405906
6.2,robot_1,853.5856586436912,-55.69936101310846,0.86550190394259,0.011217671488966015,0.03205667791589664,-15.811394245581342,98.74208149793098,81.17376119785946,-25.674763437161392,-1.0156829639369445,-9.045576387190142,-8.967197188350932,-5.409003555367445
6.22,robot_1,855.1301713127638,-56.16758668084702,0.8574152740280061,-0.0547853154886554,-0.03734183150871381,-15.841703668408838,98.73720691329663,74.6170260121699,-23.51588835849875,-1.2604142329265822,-0.8479386390654653,-5.740467111395913,-0.9855581589264563
6.24,robot_1,856.5120482624474,-56.567488390114505,0.8347070955639537,-0.024814298621210252,0.02150335533396101,-15.830633184918524,98.73899925976994,66.03348204977648,-18.448887167782214,-2.307443557504009,-1.2789405449325986,10.887125616822365,-1.7689199084032114
6.26,robot_1,857.7262585534825,-56.86784684406467,0.8795346913670041,0.007814825554911465,0.05376067181883708,-15.842474370322106,98.73709057160008,57.077459151737365,-13.409469687543066,1.3224568066092763,7.722304131378448,-0.5768226153548539,-1.8531501988020789
6.28,robot_1,858.8012173909141,-57.120250203806556,0.8913299127163727,0.03398232450728778,0.054630074593929254,-15.895081575423086,98.72862929498828,52.06025696859143,-13.537271487449281,-0.21396746834541477,-4.060937828473126,-4.0583854591482,-12.852909688477096
6.3,robot_1,859.7444990530171,-57.359943454899074,0.8707585382270331,-0.0123865091056644,-0.008924013688493694,-16.007833042470136,98.71043029093113,44.483903956133716,-12.708022917581818,-3.3799124000885916,-3.851665444625543,-8.736359014857577,-9.96016011611487
6.32,robot_1,860.5596851385764,-57.59741706307759,0.8301678814447492,-0.04697538299715151,-0.057168092245005166,-16.091897267731568,98.69673433020665,38.38944437673846,-9.675674743583643,-4.9495710880347215,-6.7391034133926855,-8.28281150506444,-6.953733579765821
6.34,robot_1,861.2432079332672,-57.79649068823631,0.8448235976638473,-0.021169851026474087,-0.03621860835856117,-16.1214373087628,98.69193229007853,32.87933336755627,-9.157856453692977,2.0216584060418716,6.791389481262245,1.5894788410731053,-0.9012276973523555
6.36,robot_1,861.8067351468366,-57.94765047864367,0.8727968349190846,0.02636714389073881,0.022988062997906317,-16.107558666987103,98.69420109668172,26.179887009017495,-7.397052788690975,-0.9603687539466879,4.298551683080155,6.782675222648647,1.4003469925395893
6.38,robot_1,862.2821302483139,-58.06253580371723,0.8535350464407245,0.010248906618128523,0.03463496025872776,-16.074478282215022,98.69959393702712,21.431274589564662,-5.6711483144084145,-1.7833349035762405,-4.862220243652627,-0.1654431235695056,4.938644502935247
6.4,robot_1,862.6742338421321,-58.13878690872637,0.8439619041015436,-0.027541315182387484,-0.0013438478073633806,-16.04576168039736,98.70426926818274,19.44776304824612,-3.523997718912639,0.6574512440542369,-6.387223754998566,-5.97611997631346,1.0550875911677526
6.42,robot_1,862.9961271743758,-58.18037687750072,0.8301357108150214,-0.06829994036758288,-0.0391798914873865,-16.027228779317678,98.70725271077936,13.575271966854805,0.07440797370435771,-1.682204676952583,-7.313066210693093,-3.9168897389005695,2.548936394736112
6.44,robot_1,863.2726870167303,-58.19471967604367,0.814937906964008,-0.0748648455376175,-0.06200321468928057,-16.025664453463396,98.70749024102108,13.913514792551995,-0.6872782722631541,-2.175149001835434,-5.474672015700741,-1.8788887103205365,-1.3970871631407964
6.46,robot_1,863.5230637581357,-58.19115953851915,0.8162055814359328,-0.06437509118622675,-0.066060980391811,-16.061442501482958,98.7016796035714,9.779452675432024,-1.5933980862052621,-1.6952747257276441,-0.33346257496763354,0.9579635107918405,-2.998884482384143
6.48,robot_1,863.744663825195,-58.176301554762944,0.8238727683888604,-0.04385538266420573,-0.038344631261365565,-16.11360251196449,98.69320351716767,10.923410111044408,2.351907732761831,0.7941149675613417,2.836992259833353,1.95505265674026,-6.021305827152183
6.5,robot_1,863.9340394155769,-58.15094669439923,0.8408015111190804,0.015160042026282444,-0.00035920156694846465,-16.15065916958352,98.68716217640493,8.720870902104332,1.5266969804472854,-1.4430164239123249,6.965209434573681,4.342216664356419,-0.5057269085899846
6.52,robot_1,864.0995046440997,-58.12830174946995,0.8487885423286968,0.04999491217373694,0.018652928485020575,-16.164742696929014,98.6848430414676,7.527362562366334,1.6975798547773455,-0.5340388331754401,2.9541761815147094,1.610226936520239,-0.500282517297753
6.54,robot_1,864.2453199112816,-58.111628630299116,0.8499672685530275,0.041260639372100366,0.018899279945073382,-16.171770943557913,98.68369553743898,6.848205797393484,-0.1889984562671001,-0.0034473047900706114,-0.8556376512580584,1.2139406251308489,-1.4149284543400686
6.5600000000000005,robot_1,864.3769204395242,-58.09850900338893,0.8499152588150195,0.02727294254825274,0.015301831722697187,-16.169868039522814,98.68401283705974,5.88224747910044,-0.27006028172459606,-0.5428672445626946,-0.18956364758787678,0.519029908498475,0.3037393646311898
6.58,robot_1,864.495811903724,-58.08794320914611,0.8484867774967434,0.004469529536850465,0.012763454959028909,-16.172753483187144,98.68354402781439,4.972492266329072,0.9853801966857735,-0.22787822162494975,-3.3585534817639817,-0.1492206002449693,-1.8642690832915607
6.6,robot_1,864.6035707068172,-58.078758031147316,0.8492280332747886,-0.012655024124591893,-0.004621604266437303,-16.182458796706133,98.68195298930827,5.4900942402677,0.3898726008850904,1.6592094587920263,-6.209811935244017,-2.615855457049615,-0.8786460149479463
6.62,robot_1,864.6993305513803,-58.07255147352092,0.8422250663890345,-0.030054319962042327,-0.019131286190124042,-16.192133401721808,98.68036049099429,4.7326801816949535,-0.5070912647843966,-1.9655184442470515,-3.459778672799262,-0.06973815250071354,-0.8159591568225744
6.64,robot_1,864.7856222701156,-58.07244540185701,0.8356175220159051,-0.048876141442255605,-0.03115619213358665,-16.199740490341767,98.67910137643163,3.5829893560748878,0.8369035801757886,-3.4008752837249285,-4.975383371292049,-1.8188075312790086,-0.3684348694799543
6.66,robot_1,864.8605466646211,-58.07553555986118,0.8328393776756472,-0.05289966836242634,-0.035928060297942314,-16.204243518714804,98.67835833041488,4.00608487540867,-0.018133389430746848,-1.0006797333880608,-1.6218376871547997,1.1808452292547755,-0.7130652413747985
6.68,robot_1,864.9258607235474,-58.07995718828276,0.8294680990500853,-0.044685408952479314,-0.043460136555370184,-16.208509158160272,98.67765879519331,5.2879373959169005,0.46556788686729267,-0.8287123661186527,-1.1833899704123014,-2.474345210854638,-1.8157743204918297
6.7,robot_1,864.9836405604614,-58.08567593704515,0.8283655857285993,-0.029993179755422553,-0.04084149981171969,-16.221554527452355,98.67552179286388,4.446834504625268,1.9542047753942433,-1.0016340083467208,3.73642170797069,-4.079753979907753,-1.039183731788867
6.72,robot_1,865.0373390538006,-58.0980967055993,0.8246152530033399,-0.021397346631987862,-0.05489847766324932,-16.22836585528111,98.67439723645569,2.481976797228376,-1.8285404531837908,-1.1902338830326251,-0.21795257956168612,-3.615922288173426,-0.9000153476417172
6.74,robot_1,865.0889066290757,-58.11230983981732,0.8212157745611539,-0.014642727889156075,-0.06835352741670464,-16.23799944709463,98.67280520661184,3.8841816610694453,-1.6363384807291417,-1.7921020912371008,0.6284747714260415,-2.9492879900488163,-0.10874718102358971
6.76,robot_1,865.1354066536501,-58.12414195908539,0.8232319329050476,-0.004548567324911606,-0.056216422817621285,-16.251339833794788,98.67061757499472,2.2399010467176454,-1.9067802307952935,-1.4379001847497088,1.7382993435653935,1.3592135081979946,-1.0097736641427848
6.78,robot_1,865.1792149990526,-58.13671833378851,0.818415717802274,-0.021077265569443955,-0.054189412504281706,-16.270997479615193,98.66737687946713,1.330736456325835,0.07776780556412888,-0.7067778076500697,-2.186483049001926,-0.4139091387577562,-2.020976379433063
6.8,robot_1,865.2197478540422,-58.14743033378704,0.8164642092453027,-0.026638747936646556,-0.06372419360299059,-16.30035669025353,98.66252379386393,1.7587786942449173,0.7272100170036395,-0.6623244824685259,1.2655235639504614,-2.795350162969271,-3.1756801243560777
6.82,robot_1,865.2582593057136,-58.15769931977536,0.8166940331988497,-0.0263436216074451,-0.05583637632296341,-16.326819292878923,98.65815303405167,2.143055951963187,-0.45988599319702833,-1.599487444691343,0.12516555120024977,-3.0177500738001464,-2.4635572206913707
6.84,robot_1,865.293033946311,-58.16710976442432,0.8169676889164371,-0.027405604819188353,-0.03733066254800942,-16.347633521108527,98.6547147054513,2.5430971300915552,-0.8869317915103873,1.1640541388228274,-1.9065003012403554,2.6262077160914514,-1.6465903039146121
6.86,robot_1,865.3255886806688,-58.17642359988692,0.8163035880153817,-0.018009081740225617,-0.025645685920296292,-16.36925565636448,98.65113525564898,0.8949661188411814,0.36507558124467127,-2.2598805094497934,0.10076086496863283,-0.9995440107817756,-3.119104289345754
6.88,robot_1,865.3543688371877,-58.183977562415436,0.8151838791858972,-0.024045402114857548,-0.01942775775542439,-16.38742145869505,98.648119405876,-0.6172161486800789,-0.6403890732093267,-2.187607656966977,0.7448135946665406,1.7407773237580006,-2.090672788395202
6.9,robot_1,865.3762825665046,-58.18900602514253,0.8095166793457044,-0.037310380271476186,0.013689577462374229,-16.401660422630705,98.64574981169591,0.37319682537379506,-0.9849481231111238,-0.15329741928782267,0.14215475310622727,3.150915874498196,-1.4163695008198216
6.92,robot_1,865.3976445217058,-58.19302140064892,0.8067294527261897,-0.04648214838303901,0.03389212087647226,-16.4158190454036,98.64338586951783,1.6276036994348215,-0.3159400010213488,-0.8381078138109135,-1.5588631564122757,4.422816512069326,-0.776007096096939
6.9399999999999995,robot_1,865.4222586822762,-58.195660805012636,0.8104406572784377,-0.03748860402991898,0.027415485843244512,-16.425542901354724,98.64177301423297,0.14419700144899603,-0.642786429595196,-1.3756418269971367,-1.8420054145392637,-3.5715359788877037,-0.767972740714787
6.96,robot_1,865.4446335160281,-58.19151320542322,0.8146303814359115,-0.03488478816334093,0.038029763199843,-16.430108324204166,98.64101011873096,-0.06911437754889768,0.8882287392463026,-1.3853069794235708,0.21133723509313296,2.7179344760429096,0.7784947161603833
6.98,robot_1,865.4624181485898,-58.183445493915066,0.80939330165899,-0.030403692795571365,0.036044866222418245,-16.430182981541588,98.64099991168047,2.338370888239937,-0.30824273737087604,-1.859134625942998,-1.4039854182110785,-0.4892214549662939,2.578487333217408
7.0,robot_1,865.4745942630076,-58.175033981967786,0.80939213861944,-0.02370436825705076,0.05228128060342793,-16.423636610626048,98.64208465585432,1.278780173140582,0.26586926263642013,-1.2273844523702575,-0.90341133111992,1.382037340010469,1.4660855908452048
7.02,robot_1,865.4850058533286,-58.16715911201218,0.8082942790441888,-0.02271258522157706,0.05746619416503927,-16.411818162907636,98.64404901646454,-0.8138674985625014,1.2744899856644798,-0.03459831164467214,-3.5576855622227406,3.435387403164515,3.9542587680017713
7.04,robot_1,865.4963709507026,-58.15884897058486,0.8103896279455483,-0.020491527048531844,0.046909646512285734,-16.398124143851,98.64633244143056,0.19874148653138823,1.225217401721495,0.003939412062328902,-0.7543708092740448,-0.828912062739708,1.7443148910125772
7.06,robot_1,865.5104849160655,-58.14899191167385,0.8035084967848435,-0.02388285629971311,0.06076387323249319,-16.392040694026868,98.64733518573247,-0.03170143709915977,0.25335141282473567,-1.786501721395415,-0.4624144109753493,2.0524400901646827,0.16917036519044404
7.08,robot_1,865.5265715936672,-58.142353227961294,0.8008552228961595,-0.005455082629145198,0.06116433200541408,-16.387619737945467,98.64807219855372,1.6368146460397373,-2.440532043460607,-0.30321192947408027,0.3840787793264638,-0.12083124573512259,0.8318429461909196
7.1,robot_1,865.5439704413574,-58.13997509364561,0.7996117317738117,0.008329874964154412,0.07162990864264751,-16.378708781905598,98.64954484642541,1.9613104379213715,0.2322933323348615,-1.2985062011147357,0.9699787964247145,6.281776147044043,1.0174868814964635
7.12,robot_1,865.5615616667212,-58.14386462422204,0.7949673230963721,0.007513173987253548,0.07174568433365033,-16.365398918005496,98.6517537318194,-1.1019812214729774,-0.32083615555904327,0.5479212043402805,-0.9296798271243568,2.860654464092546,4.057925608261981
7.14,robot_1,865.5761229516683,-58.14813896414,0.7946437081429013,0.02243897212980979,0.07789772067562326,-16.347184112776535,98.6547667374498,1.3094385199554899,1.4019060905927252,-1.4118780431727402,0.39172157969726873,0.5661439345721575,1.9021150755561704
